rev_id,labels
713533348,
710764506,1
713554618,
711588802,3
709526386,2
713098731,9
712621260,
712842861,
713936284,9
713463350,
713821787,4
710197768,2
709472909,5
713345346,8
713296089,"8,9"
709427366,5
709902889,1
710350693,"1,5,8"
711954398,5
710618112,5
711148108,5
711226033,"3,5"
714404132,
712894165,8
710054160,5
714051259,2
709722468,5
712778428,
713167200,6
712703531,5
713107407,3
712018572,
709773537,9
711044084,3
710518467,8
710115870,6
710712135,
711871514,1
713194581,8
710412590,5
712734927,7
710872951,1
712686727,0
712563482,
712483221,1
711142507,5
709499981,
712025833,
712604537,5
712257770,3
710255356,
710193688,5
712448078,
713052459,3
709734183,"8,9"
711397262,3
712861961,3
713074378,
709464496,
709787789,10
710728468,"5,8"
712821489,3
709561040,8
712343424,8
712157000,
709753068,5
710717103,5
709775196,
711669668,5
710566233,1
711275671,"3,5"
712747040,
711828730,12
712113222,
711602179,3
711720840,10
710806227,
710251789,3
713065264,1
711942222,5
713812961,5
711751589,5
712428739,3
712315667,
711821177,5
710914343,5
711525463,
710633857,
714141940,1
709924000,9
711915543,5
712419765,
710560064,
713684895,
710200455,
709595575,
713750228,0
711791256,
713982223,5
711000707,9
710184483,5
712078400,6
710546554,0
713913480,"8,9"
710783012,
711745169,
709538497,5
710226605,"3,5,8"
713826476,5
710722104,0
709975622,
710888353,0
713127962,"5,9"
711630353,
713637633,6
709604905,8
713798456,0
712883152,
709820984,8
709908733,
713252209,
713478571,5
709508821,
710319066,
711902929,"5,8"
709802752,3
713229028,3
713531085,5
710054804,0
710407509,"3,7"
714002249,
710288704,5
712579652,5
710500201,
710235985,"5,8"
713629913,
712616239,5
712699974,5
712131364,3
710621522,5
710504476,5
711718213,10
711037927,
712161489,
713507077,3
712976937,3
711745945,4
711652240,5
711018324,"2,3,5"
714242194,
710991211,
711463382,3
712455965,
712534563,"5,8"
713263637,
710618722,5
712269520,
711844433,9
709532002,"8,9"
711192146,10
714402638,5
711093916,1
713934466,6
712618922,
710775831,
710015106,
711579370,5
712535550,3
709409591,5
709493623,
711274368,5
709838986,8
710590705,9
713285218,7
710932595,10
712318774,
712655624,3
712372304,"2,5"
709601132,
709612760,3
713348667,
710766102,
710207202,5
710640675,
712271822,3
709809347,
713691006,3
712322863,3
711019453,5
712573410,10
712339942,
710481824,5
712852931,
711043070,5
713167920,"5,8"
711516383,
709663031,3
709647540,5
709537098,9
714378306,
711548276,5
709407900,
711111642,5
709622113,7
712530563,10
711016031,6
710480777,5
709702893,3
712909724,9
713200016,
713343082,"5,8"
711187898,
710883270,7
710757476,"5,8"
712691214,
713108932,8
711752629,0
712241708,5
710043596,
709851783,1
713624435,
710851212,
714259191,5
712911068,5
714420864,
711869650,3
712638690,5
712809274,8
711538808,
712617489,5
712734668,5
709924229,10
713012559,3
713018326,"5,8"
709621941,"1,2,5"
713419638,
712573564,5
710368937,3
713217246,1
713080491,3
711106824,3
709593768,
710285325,5
709737719,3
713150265,1
713713742,5
710886580,5
713756095,"3,9"
713230851,1
710476895,10
714213120,8
713105312,
711109099,
711001708,"2,5,8"
711860146,5
713984282,
710278830,7
710016627,10
712778611,
709522475,3
711902701,9
710906591,
709706977,8
710437374,5
713190077,5
709985864,1
711015872,5
713142130,9
711030496,2
713309719,
709568325,"5,8"
710725172,5
711608565,1
711452954,3
712719670,"1,5"
712448148,9
709436513,8
709608847,
713063038,5
713398901,5
711720435,13
712757006,
712887325,5
713490322,3
710081044,1
713217381,1
711853437,5
714081658,
713633952,8
714117106,5
710736414,
710201726,
713456968,5
711480968,0
713157270,5
713965710,1
711500437,2
712299351,1
710495214,"7,8"
711380886,5
713301328,5
710636474,
713447724,5
710598265,5
710771247,5
710502482,
712873730,5
713698319,5
713084875,5
713471077,5
713093933,
709907612,1
714362055,2
711335044,
711812242,
709902081,5
711284210,5
710679503,5
711363041,
713043577,
713501053,5
711722132,
710383067,5
713538763,
711050975,"3,5"
712123608,9
713879795,5
709572884,8
710503610,5
710775228,5
711483150,
712855411,5
709934164,"5,9"
711535153,"1,3"
711170659,9
709983129,5
714222547,5
710703520,8
714405263,
712591427,9
710720980,
713238407,5
713117080,"5,8"
711367015,5
713779831,
709654739,
711546992,3
711519988,
711646479,
712170121,10
712944957,5
709557094,6
713555031,5
710405670,5
713319704,"5,8"
712998449,
711937038,8
711290694,4
713598758,1
711959386,5
709756521,3
711361290,10
709706387,8
709630234,"5,8"
714374168,5
714031776,9
711627918,5
713160697,
710830276,
709531000,5
712182865,
709984879,
713916578,1
713272882,
713808782,8
710981112,5
710639850,9
711326989,9
709474754,5
713110827,
714373139,9
710322795,
709686860,"5,7"
710126277,5
712137058,
712985202,
710894462,
712246065,
711232433,
713257355,5
712229214,
709805095,8
709411106,6
709578614,3
714019736,"3,8"
712938873,3
713564879,
709846218,5
709610354,5
713281590,5
710469683,
710103186,5
712248488,10
709745441,
712812535,
712012522,0
711824629,5
713922165,6
711942094,8
710728924,5
711197028,10
714246046,10
712887374,
714394547,9
712818479,3
709719831,7
713001140,3
713186603,6
710553149,5
710987926,5
714211869,8
713880138,8
710812173,0
713271145,
709413311,
712460603,5
712873725,"5,9"
712991373,
714027379,"2,8"
712083776,2
712900834,
710583811,8
709685138,8
710795071,
712635137,5
711247081,
712673402,5
710214873,
709439179,8
713255783,5
709748097,"5,8"
714026213,3
710330818,
713588008,5
710860579,5
713300691,5
711689983,"5,8"
711538047,3
709903457,0
713540195,5
713026081,5
710341455,
710229761,"5,8"
714263794,
710502294,8
712637323,3
711934686,1
710899171,"5,8"
710274654,
710472032,5
712792631,7
712388337,3
711570389,3
714216415,
712976393,8
710049244,
714148272,0
713609664,5
709543908,6
710401661,
709660532,
712866739,5
710927620,6
714042437,
712894459,6
712284432,
713930923,5
712754106,5
713538988,5
710639116,11
712536752,1
713776969,3
711506980,
711822359,
713662106,"5,8"
712921873,9
709740976,
713243973,
714040569,5
711166183,
711102474,5
713973437,3
710642827,5
709634756,10
711512772,5
714111447,10
710460292,
711035045,
711029905,6
711421099,
712397640,10
710384226,
713787988,10
710219842,3
710193285,1
710824727,
713433051,"5,8"
714085715,5
710511310,1
711187520,5
711096130,"5,8"
709504609,
711775727,5
713600219,5
709473429,
712232171,6
710428891,
710053246,
713711675,"5,8"
710563160,0
712690066,6
713913459,
709600894,"5,8"
709458242,3
709536497,0
710393152,3
712907177,"5,8,9"
710939006,5
713350489,11
713413067,
710994586,"5,8"
713586479,
711383312,5
710382683,5
713467730,
710866836,
712799442,
712403007,5
713208811,"5,8"
710199291,5
713615886,5
709976132,3
713566043,5
710294160,5
712416494,
709702908,10
714134606,7
713570036,5
712424264,"5,8"
712019050,5
710018344,5
710716872,5
714394029,3
710627981,5
711431971,5
711247719,
713996931,10
710330280,5
712512759,
709961690,
713508756,4
713478980,5
710681067,8
709456214,
711192890,5
709745272,"5,8"
711279730,8
712162762,2
713124811,5
713099837,
711733753,
710260201,10
711963351,"5,8"
712953957,3
710863732,7
712374988,6
713553433,3
710040102,7
713550404,10
714291574,8
712948070,5
711477778,10
712711857,
711597845,"5,8,9"
712453368,3
710599034,5
713182171,5
712092368,
713844118,5
712234130,3
711719975,5
712190434,5
712090058,
713057166,10
712519591,5
710029680,5
713306009,"3,5"
714375028,
709567579,5
710165301,5
713851329,10
711293147,0
713326257,5
712163435,
710772527,"3,5"
711284397,8
709515147,"3,5"
709486095,7
713344525,5
713711799,6
712788969,5
713662673,"5,8"
711060220,
712373503,1
712171286,
711464575,5
711728466,5
710887845,
710880077,
709473918,3
713411240,5
713767115,2
713954504,0
709522648,
711031346,8
710720054,
711551372,
710036072,3
714170301,5
712523222,
711402221,
711767273,8
712872663,8
710436946,
711568541,"3,5"
710352293,
709965170,
710073221,5
714236748,
713786715,5
709991455,
711275127,3
711163856,
710607547,
709410439,
710195195,
712724480,"5,8"
714351346,3
712319806,8
713577136,5
710340647,"5,8"
714046339,
712790985,10
713413335,9
712680997,0
714008549,5
710621857,5
710132410,
710150083,
712523207,5
711708668,8
714255821,5
714375013,13
711540463,
713662302,5
712226160,
710554359,8
712046369,5
711432376,10
713396095,
713445807,3
711972257,8
710949120,5
711070290,
713612974,10
712762144,
710336919,"5,8"
709662794,5
713296499,5
712744151,
709956430,3
709849308,8
713996228,
710894109,
709684499,
713468703,5
714372952,
712304511,5
710929993,5
710863634,5
710117363,
711188710,
714359165,11
713459430,5
711601321,
711508786,
711853125,5
711151106,3
712133714,
714259760,
710182314,5
711928545,10
710665586,
710747873,11
710958004,
713256979,
711849808,5
709944416,
713235178,3
711277578,5
712932960,
711914199,
711846014,5
709574306,10
712863762,
711918941,9
710545317,"8,9"
711771179,"3,5"
710738893,
710773491,5
709570722,8
712045696,
709850685,5
712716681,3
713943157,8
709648374,5
712728463,5
713755613,
711413739,1
713517630,10
709454206,10
711920952,5
714103657,5
712395689,"3,5"
711883258,3
710141521,
709825252,
712247053,3
714272844,
710467393,8
709728524,
711820185,5
712560231,5
711929510,5
711222201,5
713253706,
709514308,
714413333,"5,8"
711616935,
713442452,
712940589,"3,8,9"
710661975,
712950971,8
714166327,5
714004159,5
712795184,
713119556,
709726925,9
711136140,
713107460,5
710757300,5
709894220,1
713339358,5
712933977,5
712459729,5
712958383,
710771521,"3,5"
712692289,0
711765197,5
709777349,5
711873985,5
713129378,10
710952804,
712808820,5
711496075,2
714261287,5
710599206,3
709708774,
714366373,
710622359,3
711666434,5
712089242,8
711198882,9
712392659,5
710378288,
710922478,10
712927761,
710272637,5
711878620,
710451719,
712584703,5
710254756,3
711117353,
712940094,
710774901,3
712356211,5
711863721,"5,8"
711355919,7
712374064,5
712957611,10
710466227,5
713902257,9
713836206,3
713303205,
713487478,5
713264293,5
712020341,
713789173,
709509006,5
710611487,
711169161,
712158961,8
712414391,10
712331954,9
714056915,6
709464262,5
709615419,
711532513,5
710653848,5
714014559,10
713994199,10
712888808,
712849225,
712678190,3
714072854,
713291949,
712582829,"5,10"
711813218,5
709538538,
713475690,
714269048,"3,8"
713246930,
709900993,
711961736,5
712642019,5
709963610,3
711357673,
711551415,5
711283762,
710779700,9
712650804,5
714352833,
711300686,10
711003838,
713322166,3
711413608,
712525833,3
711143010,3
713008556,1
710373668,
712089776,8
710129680,8
713320505,6
712023800,1
712799677,5
710574797,5
709457435,
711980302,
712295337,3
711913750,3
710935886,"8,9"
709593024,5
710888261,11
713109253,
713556522,5
712370767,3
711272838,3
709756788,8
713049484,5
711568944,10
711336611,5
713205249,1
709509877,
710771076,
712352725,
713251082,5
709902395,3
709885873,5
711271456,5
712044264,
709707472,5
712123050,1
714373326,3
712867838,0
713626469,"8,9"
713630865,
713399120,1
709890167,"5,8,9"
709411724,9
710059283,"5,8"
711557230,
712217888,
710372359,5
713897841,
709537085,
712543319,
710730357,1
711738487,
711397859,
712292873,5
711721826,"5,8"
711766558,
712298842,5
712621801,9
711839520,10
710615780,5
713093725,10
711364106,3
712838101,5
709474872,
709489446,6
714114866,"8,9"
712129779,
710191557,8
713602989,3
711139224,"5,8"
712792667,
710988432,5
714273125,5
710948283,8
712882039,5
710727065,3
713444600,4
712191895,9
711005825,3
709529195,5
712245420,9
714034036,
712715529,5
712790004,1
712311692,
712844309,5
712407427,"5,8,9"
711782256,3
713870975,5
712183078,5
709507031,
713924169,
713927060,6
711597695,
714014124,
714357952,
712453413,"5,8"
713949586,0
710979038,5
714238892,
714111502,8
709997061,
710238424,8
711139346,5
710578224,5
710788137,5
712959564,8
713280805,1
712519793,
712438677,
711155059,5
713409735,1
712401449,7
712915721,9
714100624,
710815119,0
711114649,8
714126491,
712324661,
714201488,
711817260,3
714169415,3
712255269,9
714094614,5
712044646,0
713114167,"3,8"
713121506,5
709618194,
712205860,
711973118,9
710905630,5
714425150,7
710658815,"2,3,7"
711788726,5
714354938,"5,8"
713996550,5
711016591,
712341422,3
709626341,5
710815913,6
712641440,10
712771849,"1,5"
710859675,9
711192365,"5,8"
711145856,3
712943595,5
712892052,12
714253088,0
714023332,
714271558,5
711264364,"5,8"
712149034,2
712648476,
710574266,9
711930353,3
713214147,3
712278855,
712360999,
709611192,
711291400,8
713417806,1
710684856,6
710379177,5
709608927,"5,8"
709849915,11
713276322,
713326029,3
711579652,
711823829,
710427042,
712517837,5
711565779,"5,8"
709994395,1
712003837,5
713827283,9
713594539,5
709817641,5
713298350,5
713167340,1
711259403,
711814522,3
712789618,10
711193088,3
709486826,
713708165,8
712773665,
709842594,6
713644266,5
714275799,
712926042,8
709580531,5
713358331,
710428206,3
712307050,"5,10"
712121055,
713253122,"5,8"
714319935,9
713443487,6
712129103,5
709570760,6
714366340,9
709699785,6
709896890,5
712448239,10
714263594,8
713532252,
712273409,5
711000982,
713978923,5
713550641,3
710731291,"5,10"
710613528,5
709725958,0
709961642,0
712348615,8
710467957,5
712230510,3
710539595,5
712279095,5
711296030,5
713940277,3
711239312,2
712763598,
713771186,5
710360381,"5,8"
713836110,
712937349,"8,9"
709569538,2
713210516,5
709629193,3
712286785,3
711709421,5
713174592,5
713286547,5
711998477,9
711279437,5
714385879,5
710630149,5
713986130,
713447059,5
712343630,3
711116487,
713443592,"5,8"
714337972,3
713689615,
711471108,5
713223681,5
709847671,6
709611767,5
711134903,5
710034345,9
712675464,8
712027049,
710637835,
710247250,3
712730457,3
711081683,"5,8"
713515593,5
709495037,8
714149443,10
711772873,5
711878390,3
712788232,
714182028,3
714329776,3
714086139,
713201147,
710758051,5
714176959,5
710101926,
711036346,"8,9"
712867953,
712292415,
714048551,5
710701573,5
713651232,10
712524363,5
710138844,8
710888166,"8,9"
709426858,5
712323050,8
713975020,
712235666,
713372927,5
711402406,5
711636724,"5,9"
711765834,
711966753,
713748415,
713394605,3
712363458,
712455057,6
711949173,5
710679110,5
713156232,9
712301550,
713394591,"5,8,9"
709470918,3
711460397,9
713905141,
713176382,1
711657649,0
709464706,"3,5"
710495177,5
711328328,5
710763574,2
713117908,
713956974,
710514986,
713981910,
710534138,5
711303154,8
711055876,8
709734967,
713043460,"3,11"
710801086,
709920259,5
713248191,
713673820,
710776843,
714062905,5
710097122,
714266698,
710525459,"8,9"
710138984,
713649776,5
711796638,
711991009,4
712042443,
713530231,1
710321813,5
710146571,"3,5"
710915708,"5,8"
713869331,3
712890088,9
711661831,3
713335116,
713943053,7
713662759,3
713252411,8
714404258,"5,8"
710431363,1
711544221,
711824743,10
709441800,9
710518409,
713094253,5
709802026,3
711457721,7
713275056,5
714056645,
710732889,10
713234044,"5,8"
713557594,"5,8"
712436381,"5,8"
711409311,5
710611926,5
712291741,"5,8"
713631150,"5,8"
713689795,
711336051,5
712785391,1
713697845,5
712244078,5
714214383,8
711994525,
709959889,8
712941408,8
711079959,5
710613448,0
711289392,"5,8"
713220726,1
712459324,8
713334644,
709865660,5
710597470,5
713043210,3
712868642,
709706407,"1,9"
711695303,5
711738511,9
711171163,
710017510,1
709661265,3
713125686,13
712850250,
711203718,8
712868454,
711545387,10
710706191,
712337603,5
714268836,
710506855,
711837575,
712115605,"5,8,9"
713379986,8
710934279,"1,3"
713331255,5
711430689,"5,10"
709461108,10
713019626,
710400080,11
708725772,
712122520,
711888760,8
711322765,5
709883044,3
712546659,7
712814366,7
713077374,5
712635779,6
710329312,9
713991227,
713979600,9
713363346,"8,9"
709737021,5
713173019,7
710160596,
710550904,
710117413,"1,8"
714226826,
714037141,"5,8"
713356486,1
710808086,5
713594742,8
712209760,
710488561,3
711303290,6
713849945,
712245600,
714343376,5
709632391,
710931651,
710446094,3
712988497,
710197938,1
710592084,3
713405255,5
711111106,8
712754149,8
709754268,3
709812964,"5,8"
712044541,"1,8"
713613097,5
710927551,3
712357994,3
714017131,
713429704,3
712731725,"1,3"
711620213,5
712626193,5
713594588,3
712669453,3
711950999,8
713832359,6
713808810,
714243101,1
710537705,9
713654539,5
712232278,10
709687219,
712032937,5
711563395,"5,8"
713115790,5
712725694,9
714344527,3
710347046,"3,5"
713157390,
710636364,
712610814,3
709545311,"5,8"
711503094,5
712525773,5
712502408,
711104906,8
710347161,7
712576078,6
714389643,10
710311519,
713285153,
712167903,5
713618027,5
712991384,5
713940452,3
714047962,8
713438132,13
711738623,5
712088996,5
712538572,3
709853455,
711860977,5
713111920,
710963634,3
711654747,
712924609,
714276613,5
710591092,
714137738,
712143654,8
710472796,
712626618,5
714017671,5
713186729,
711723710,
710185204,
711186628,10
713373226,4
711862138,5
710071399,
714407403,
713497836,0
713338168,
711977376,5
713748201,8
710519461,6
714027580,
712458517,0
712903394,2
711307935,5
712888820,
713409073,
713424565,
713868021,
710106987,5
714268478,10
711566041,
709815846,3
711345369,5
712046515,3
712107269,
713464319,
711036639,5
714379553,5
711414438,
709407147,
713798126,"5,9"
713081504,
712688596,
710612772,3
709872915,"5,8"
711031627,3
713622478,
713194522,5
711710921,
710911038,3
710034174,
710538035,3
712055455,"0,8"
712821717,5
714152044,8
712491367,
710259217,5
712069595,6
710044001,
713043893,3
710761551,5
712545353,5
709569507,
713899881,
709811506,5
710825906,
710927141,5
712996384,10
709767733,5
714167551,5
709742668,5
711184063,
709498013,"3,5"
709421955,6
712326768,"2,5,8"
714403227,6
713074902,5
710691375,
710030710,5
712620248,
710871322,5
712519384,
712659369,
711071492,"2,8"
713865042,11
711441388,8
714325924,5
710489178,8
710270369,
713535237,5
712465890,5
713566630,5
712384721,5
713613641,5
710121015,5
712145284,
712628595,1
711832330,
710366974,
711638297,10
710919317,5
713659163,3
711919678,"5,8"
712037494,
714180922,
710151014,
713652094,
713375538,13
713188291,"1,5"
712955403,
710150489,"3,5"
712812312,5
713135210,8
710643365,8
710651056,
710812293,5
709677884,5
709541512,5
712951494,"5,8"
711579404,3
713100305,
709731825,5
709980427,
712901768,4
710660378,
712793197,3
710897028,"5,8,9"
710571655,8
710022222,5
713579833,5
713338306,8
709758683,5
712184474,7
714194448,5
714051665,8
710981107,5
713139288,
711973170,
711879657,10
710087506,5
710109951,3
712418931,0
710278150,1
711601128,10
711779506,1
710713201,5
713248457,5
713497339,5
713725680,"8,9"
709707796,5
710945231,5
713642165,
713417438,5
712099393,
713601190,5
709961572,"1,5"
713809021,5
710534090,1
709430283,5
710286172,5
711788866,5
712998906,7
712064536,5
713860304,5
709549856,
712256462,5
709723541,
711209058,5
710834409,9
710710850,"8,9"
709626394,3
714268820,"5,8"
712668660,3
713634177,9
709501331,3
714366347,1
709891259,5
713640000,"3,5"
713317274,5
711557343,3
710184676,
709882988,1
711307922,8
714379956,13
713154411,5
712290568,1
711810305,"5,8"
712609631,5
712783392,"1,5,8"
710442997,
713968867,
713244030,1
712232635,"5,8"
713973025,"5,8"
711341572,1
712395225,5
712903415,9
713654811,5
712026064,
713594641,"5,8"
714076523,"1,8"
710910548,7
713556199,5
711862907,8
713527546,3
711662120,"5,10"
712462044,5
711874037,5
713463851,5
713275907,9
710847477,9
710972623,6
714247015,4
711226619,5
710050345,1
712961029,5
710555273,
713709026,3
712346199,5
711318845,"5,8"
711784441,5
711121959,8
709567276,5
712796646,
712151115,
710713718,5
711414789,8
712549162,5
713600039,7
710668715,1
713860568,5
713992644,
712924520,8
714294351,
711226002,
714207521,
711497091,
709691280,5
711386245,6
714311881,5
713967621,"3,5"
709698145,3
709427820,5
711968891,8
711233925,10
713021091,"5,8"
714216384,11
711702155,4
714101032,
714164368,
709676725,5
710421875,
713445561,
712655552,3
713873556,8
713069292,8
712013933,5
710143245,
711828210,"8,9"
712617527,"2,5,8"
714025231,5
711218971,
710767098,5
709438034,3
712270152,
711373825,3
712327357,8
712141831,12
711946533,10
712721790,
712735512,5
712493641,3
712123734,
711580704,
713395703,
713934146,"5,8"
713230647,
711815568,6
709778372,6
710273812,3
711612589,10
711588271,3
710729956,
713142508,
712002872,7
713359302,
711264491,3
711264809,5
709977816,5
710774437,"5,8"
712128369,5
710128670,
712579839,5
712283050,
712916901,5
710574709,
710834424,3
713453233,5
710149853,5
711760395,7
709995746,0
713881172,5
713776023,5
712781905,3
713219754,
712136195,8
710311159,7
713280807,5
714405440,6
714074746,5
711134756,5
714216169,
713758917,
712767060,
712150256,3
711317950,0
711471619,"5,8"
711726274,
712609713,3
712712244,3
712620798,9
712309740,"3,9"
712338984,5
709802128,5
713903726,5
711956239,3
713297945,
710838416,3
710281798,3
714069402,
713215736,
712088060,
711458816,1
713341711,
714061595,"2,5"
714380419,
710623484,2
710189022,3
711520328,3
709827573,10
709559173,
712948133,5
714296383,3
712021976,5
712763773,5
711829741,9
710718872,3
711797788,"5,8"
712358839,"3,8"
713497995,8
710674690,5
709422406,3
711613911,7
711839307,
711750824,5
709916167,5
713788102,
714009082,"2,5"
714232130,5
710456293,5
712104576,8
710418333,3
711320075,3
713844407,
711365083,10
712254124,
709563914,
713765561,
711766998,
710928619,
709552601,
713655263,"5,8"
712132924,4
709980478,"1,5"
712845996,
713252002,
712715103,5
710802687,0
713579776,3
711209450,10
710220793,9
710849106,3
709780472,
710428818,
711561700,3
713793631,
714384809,5
711705022,
710973772,
711145120,5
711876412,5
714320368,
713880805,5
709483597,1
712091660,
713871393,"1,5,8"
713646990,5
711786269,
711553679,"1,5"
712717200,3
709843822,
712005114,
709666728,5
709883993,
709914144,"5,8"
714252084,4
712905364,
710142187,5
712918957,"5,8"
710478851,5
711948931,"3,5"
710537315,10
712669345,9
710232777,5
710351379,
712349947,1
713108803,5
710439365,2
713643804,8
711435132,
712171299,
710132180,
711944499,5
712240243,
711900262,5
709436131,10
710462729,
712818909,"3,5"
709670882,
714024950,5
710472538,
714099279,5
712597900,0
714082852,3
712574751,5
713984049,3
710331708,7
709934144,5
711660581,5
714401706,5
710990612,"1,3,5"
713697167,
713187594,
712879819,0
710836835,5
710883383,1
714379755,"5,8"
713498947,"5,7"
710440352,3
710856524,5
712570488,5
714070663,
711307163,8
714378897,
710311877,5
711308923,"3,5"
713082342,10
709594387,8
710044147,6
712055605,
714283701,8
712627986,
713116848,5
713165645,"1,5"
709467256,
712348452,
709799068,
710210714,
713414395,
714287409,
709769723,10
712900871,
714327637,5
713187330,
710815473,
709885262,1
712506874,
712293438,
712276981,"8,9"
711868522,5
710972978,1
714053735,
712445727,5
713702101,8
713065037,
713709456,5
712676519,
711455383,5
713202931,5
709535154,
711508994,10
711803629,7
713213164,5
712664699,
712409505,
709817027,
710495905,5
714013915,
711787772,
714415824,
713742492,8
710720923,9
714399187,
712696446,9
711378303,5
710067736,
712497480,8
714080872,
712256798,5
714197117,5
709420053,5
711251484,9
712948816,
710694424,3
713327848,1
712553785,5
713074912,
710920647,5
712100370,5
710886254,3
714061760,
714130709,3
714130075,1
710625261,5
714180333,8
713755174,5
711761243,6
712972983,
712212587,"3,10"
711982810,5
713237056,
709859477,8
714362015,5
712012795,8
709810327,
714015832,5
713006462,5
713465118,
710650910,
712592581,5
710623339,7
712291872,5
712166501,9
710762960,
712955668,
714265670,7
710131819,
713935559,8
714017001,
710662320,9
709776929,8
713500425,5
712878148,8
709633727,5
709904489,1
713165781,
711771679,5
712364214,8
714012441,9
711007030,7
712688901,10
714080736,3
712422999,10
712353186,3
714170571,
710488903,
712418746,3
713781544,
712404075,3
711266974,"3,5"
710463217,5
713554314,11
713377361,
714138160,
711284086,5
713710462,
710451794,3
713217937,
713773061,10
711039962,5
713992166,
709754605,5
711712450,5
712764446,"5,8"
711988467,
712316718,8
713816931,3
712853263,5
709587445,
710484043,5
713133614,6
713574868,"5,8"
712775219,5
714178599,1
714004545,1
712193243,
709880188,
714297044,2
712340296,11
711575370,
710106203,5
712854438,5
709397241,"3,5"
714098591,"2,3"
713288132,"3,5"
712082061,3
713856308,"5,10"
714144342,9
712238839,"3,9"
712530426,"5,8"
711791138,
711799071,"8,9"
713314868,10
710495821,
714065771,8
713984746,
712566102,5
714090116,5
712213435,"5,8"
710028465,5
711263357,8
712803204,5
712881869,9
714123622,5
711844726,8
710416134,
711130053,3
711322250,
711851584,5
713927024,"5,8"
711311134,3
710922775,5
712333814,3
710154719,
710754871,3
712809036,"5,8"
711985358,3
710567251,5
712712374,
713724932,0
710851334,
713294781,1
712379427,9
712773547,
711616035,8
713938936,5
712214814,2
711621165,5
711206853,5
713105669,
714302527,
713424895,0
713233319,
712163480,
710760495,
712907251,3
709931809,6
712275110,5
713622525,8
710496726,
710543195,5
710465520,5
710094746,0
713395508,
710037702,"1,5"
713687984,
710567008,5
714161838,1
713717194,10
710732813,"3,5"
710623460,5
710146924,"5,8"
712673353,3
713582811,"5,8"
712201869,3
714372766,10
711945200,
714259613,5
710476561,
711993246,5
711526126,
711524430,9
711751428,11
709847581,5
713531365,
713716528,
710015129,
712402984,"3,5"
713367556,12
714207658,5
713273920,
709549810,
710696173,
712281712,5
713501750,4
712249108,"5,8"
710045092,6
711195728,5
709824022,5
709632569,0
714046990,"5,8"
711760347,3
712352420,7
713181782,
712734290,
710241593,"5,8"
713198914,
712589973,10
712863215,7
710066965,
713440569,
711260480,11
709651172,
713406108,5
711909631,
713261184,
714004091,3
713297792,8
712309943,5
709527154,3
711045331,3
709957459,"5,8"
713357844,6
713373093,5
709736159,5
709994583,1
710750728,"5,8"
713175714,8
713507830,
709774564,10
713575386,
713458454,1
709850570,
711374511,5
713990275,5
709946998,1
714069225,
710645782,3
711422155,1
710143322,5
712194582,
714299608,1
709541858,1
711528794,5
710188636,0
712818278,1
710219181,5
712350502,
713358689,8
709928332,5
712963748,
713828193,5
710185790,5
712982831,3
711737395,8
712538138,
709546925,
713260337,
713131936,5
709805992,
711953121,"2,10"
709967227,
709513765,10
709592229,"5,8"
711894573,"1,5"
714086402,
712450299,
714114952,4
711911250,5
713352458,
710399741,3
714414289,9
710814570,5
712675459,5
711321703,5
713178689,
712070511,
710094880,
712397635,
714121086,10
714191025,3
712763096,5
714183747,"5,8"
711966683,5
714422234,
714088344,5
711225474,3
712284791,
711915992,
713488026,
714070334,5
709750817,
709637210,5
709693835,5
710832862,"1,3"
712061677,
710442783,5
710826573,5
713435105,"5,7"
714423574,
714245250,1
714321239,
712217779,6
712779487,1
712273569,
710015603,
710640442,5
711277319,9
714092098,10
711767913,
713325671,8
709671266,5
711330142,5
711124454,3
711910972,11
710365644,"8,9"
712922141,3
709483099,
711719728,8
709814331,1
710239679,5
713342853,3
711388878,5
711997829,
711772320,
711771797,10
710624570,10
714193488,10
712148430,3
712591862,8
714266433,5
709775275,1
712422558,0
713204853,8
713371117,"1,5"
710846186,
710516807,5
711852813,3
713773613,5
710691633,5
709804443,
714014008,5
711843112,5
710488073,1
709738508,6
713900310,
711095425,
710199279,5
712784155,3
714229682,8
710594632,"5,8"
709862391,
710754356,6
714110478,"1,5,9"
711196941,3
710400254,
714225033,1
712074633,6
710096080,1
711067005,5
714155843,9
712240267,"2,8"
711291452,
711845707,5
713580251,5
710437391,5
710811444,5
712938154,5
714036873,
712040476,7
713885454,9
712692938,10
713854635,9
712797495,5
712212339,"1,5"
710257578,
711758025,0
710090173,3
714192839,
714099535,
709611346,"8,9"
712490395,5
711074609,
710504262,3
710074413,"1,5"
712883512,
712796869,"8,9"
711243397,12
711032603,
709695387,
713650734,5
711867612,5
709955950,
711919861,
709678334,1
711124333,
710604690,10
711731271,8
710120295,5
712757701,
710157115,
711141587,10
713427435,10
713258165,5
713458045,5
713424153,8
713279642,1
712202709,5
712022549,
710920421,8
712422234,3
709953912,
712853856,
713553391,10
710246133,
710972534,8
711560735,
713588997,3
714075162,6
713589671,1
710116906,
709836962,5
711957990,8
710007138,10
714183151,5
710562560,3
710494890,5
713100715,
713856721,3
713713728,
714218901,3
711100322,1
714296553,8
712143482,5
712894045,7
710128696,8
714387216,
709627687,5
711454864,8
710475872,3
710561600,5
712184531,6
710380382,
711403833,1
709819586,8
711330500,6
711358769,5
709917839,5
710210020,3
712477191,"5,8"
714354103,
712713149,5
713282512,5
710914360,1
709661263,6
709501729,1
709412832,
709637467,3
710496549,5
709980246,3
712649250,3
712490045,
714263147,
711565501,5
711527723,
710367285,5
711985387,3
712089495,3
713576983,
709686704,"5,8"
713814504,3
711620455,"5,8"
711010677,3
714252405,"5,10"
709871321,0
709929512,5
713659394,5
712267997,
709979365,5
709916455,5
713951850,
710235889,
712916363,
713637953,10
709846157,5
713879463,9
713089181,10
711319377,3
713657226,4
711596113,
712732099,5
714366038,
713253194,"2,5,8"
711973384,3
711949384,
710125568,
710395625,9
710173685,3
713249998,
710746993,5
713008277,8
712413619,1
713920077,0
710580874,
709469249,
709948651,8
710644226,3
711749325,6
710897342,
710532339,3
714417289,5
709732736,
714190584,"5,8"
710389433,
713350352,6
712649960,3
714292526,3
711988972,5
709447610,1
710835574,5
710043064,2
710034983,
709748732,
711182148,5
711333672,5
713013754,1
714013254,10
714274586,
714022550,5
712960440,8
710083309,5
713251634,5
710829504,5
712442051,
711780257,5
713450406,
710796818,1
711839688,0
712241786,"5,8,10"
710884985,5
711926256,
713874361,5
709446095,5
710774824,"5,8"
711870275,3
709981236,
709883055,
713572022,0
710466224,
711344720,
713518196,
712255587,
712800577,5
713639266,7
712023366,
710811454,"5,10"
711513179,8
712279610,9
711667739,5
710452599,5
710041342,5
714144386,1
712382130,5
709420927,0
712994094,5
710847556,1
711702069,1
712893940,5
712853238,
712163571,
713896408,3
710884774,"8,9"
713564706,
710763942,5
712488160,5
709452016,
714339344,5
714003651,"5,8"
714207011,"5,8"
714062009,1
713226539,0
712675031,0
710352576,8
709497838,3
710335992,
710909547,
713257368,5
711737730,
713320963,5
713283789,5
713139143,"5,8"
713645532,"1,5,8"
711499690,
713489681,"5,8"
710950570,
711840893,5
709820125,3
710756145,5
712228689,3
713563690,5
711810379,10
711371219,2
710145811,
712823869,5
709493188,"5,8"
709511285,3
711527172,
713640765,8
713128019,
709403473,
709519609,5
712981021,5
709496027,
709938908,
712336693,
712444085,10
711752591,13
711794446,"3,8"
710347856,
714404720,5
710702772,9
714185067,3
709537160,
712145584,"5,8"
709820357,5
713408225,5
710518487,5
709544968,8
712372407,5
712889953,5
711083876,5
712019644,1
711870246,2
710046888,8
713170190,
712292150,3
712794359,9
713989974,5
711431855,
710459677,3
709448349,6
710085321,5
710499746,5
713475216,
710142327,5
712403737,6
710131264,5
712122272,"5,8"
711605343,
709797130,5
714112539,
713054399,"5,8"
710655152,1
710709919,
712546790,
711109733,
711407631,
710092669,3
714227973,4
710181833,1
713643853,"2,5"
714152379,
710848193,"5,8"
712270982,
712457674,5
710935620,
709401043,
712450863,5
711311130,5
713704931,
709407279,
710227025,
711408826,
710239715,
713178180,5
712180542,9
713544856,
711691772,"3,10"
712534038,
712395621,"5,8"
710557601,3
710013459,"5,8"
714282152,5
711460441,6
713400617,5
713420398,5
714106665,8
710572412,
711759099,1
709649379,
710612450,5
710939161,1
709450037,13
710878824,
713274260,9
710684116,3
711059889,13
711880414,5
710330803,
713642045,10
714386719,
712634328,
712890056,3
711538163,
713236948,
713774188,10
713615746,
710076642,"8,9"
712483836,"8,9"
710198233,
710116841,
712985079,
709606311,1
714425004,5
710386465,8
713392524,"3,8"
709877723,"3,9"
711917080,
711898359,3
711396959,
710939896,"8,9"
714115092,2
712836867,2
713131180,5
711899461,
711603222,
713910900,
711632928,5
709558890,3
710123803,
713895715,"5,8"
709540242,
709729471,"3,5"
709662214,3
714164682,"1,5"
711641585,"3,10"
712129146,
713019916,6
714151659,8
710435328,3
709706933,11
712856218,
711328768,9
711943230,0
711295478,
714124564,
711358842,3
710747310,
711973282,
711127078,3
710138260,8
711484929,4
714126926,
712922619,5
709554676,5
710668502,
712581921,
710740537,
711798782,5
710038683,5
709798981,
712467600,1
710386606,
710825930,
712500125,5
713015261,9
709415730,0
714050501,1
710288220,8
713589970,5
709597236,5
712829681,
710899839,1
714248745,
710001635,
714217363,
712220744,
710845760,
714380359,
714386589,
711924345,
712133803,
711859912,9
713167761,3
713875363,1
713584179,5
713794955,
712376254,3
709400272,5
713589974,5
711354330,8
710618372,"5,10"
711627978,5
712683562,10
711456658,9
710073890,3
710271510,10
713441053,"2,5"
713454947,
712504136,3
712737777,10
712086592,3
711395445,8
711435109,
713847265,5
712682506,
712387070,5
710586038,5
709721307,
711811210,5
712300546,9
710116380,10
711987992,
714383510,2
711104531,9
711976758,5
710783323,5
710510345,6
711634766,5
711104448,
712271379,
714129066,
711240733,10
712056399,5
712811046,5
711960206,1
711248038,
713180462,1
711286420,5
711536908,
713897691,4
710037527,8
709426049,5
710473405,5
711169401,"5,8"
709415797,
710149579,5
711492907,
710381037,8
709780391,5
709993502,
710340258,10
709666790,5
711146920,
710006731,8
709728094,0
710400300,3
710799139,3
710067537,
712433201,
710680017,"5,8"
712575241,"8,9"
712740110,
709876704,"5,8"
713544696,
711727227,"8,9"
713937964,
709462796,5
714053277,"5,11"
712736738,3
713786688,"1,2,5"
712301088,9
709995994,"1,5"
710123482,
712350758,3
712578818,5
710390657,9
714405180,
709918894,0
713892224,1
711606708,5
710175700,"5,8"
710226412,5
710849167,5
710136007,9
713710252,5
712509680,5
710971121,3
712790417,3
709904113,3
712261195,5
713179616,
709469188,"5,8"
710291845,
711786165,
713486405,"5,8"
712544437,1
713564483,3
713221450,
709788251,5
711434223,5
709542636,1
711082158,"1,3,8"
713205382,1
709931482,
713151561,"5,8"
712435360,11
714350643,1
712339839,10
709875300,9
711998213,8
710215842,
712903927,1
709857568,
709547579,6
711082277,"5,8"
712222139,
714336510,3
713246319,"8,9"
710897149,10
710761901,1
710337112,8
710641521,
713323038,5
714251212,
710352245,3
711039771,9
709608905,3
711824758,
713387784,
709569012,"5,8"
712621986,5
712713599,3
711177263,5
713283414,0
712284600,1
710421724,
711348020,
709956440,
710235803,"5,8"
712728518,"5,8"
714421140,
711325126,
712906533,5
712757255,8
712347138,5
712869975,9
711869664,
711767750,9
710125132,5
711839728,"3,5"
710604315,
711600152,3
713961691,
712862709,5
710747729,9
714199818,5
711395994,2
713229068,9
709618272,
712489324,"8,10"
710779259,
712301827,9
712129199,5
710039803,
713498180,
713586132,5
710253011,
713364319,0
712437909,8
714377288,8
710699567,
714270838,8
709485309,5
713694913,8
714161660,
714202677,5
711392989,5
712866407,5
712259287,3
711947918,5
714009016,
711915603,
713241961,
712470518,
709650885,8
713945877,"1,7"
712579010,5
711837509,5
710883281,
713974411,8
713719379,5
713293341,
712004214,1
714299340,3
713686641,3
714251318,8
709840641,5
713010532,5
709943329,
709927459,
712706303,10
713509045,5
712323271,5
709448334,9
709720569,"1,5"
713783426,8
713311330,
714398364,
711993414,"2,5"
709496824,10
709530969,
711283227,5
710739541,5
713903822,3
712899860,3
713917341,
709718643,10
712148546,
712513855,5
711419713,9
713594221,2
711639397,5
713262489,
712759076,5
713305847,
711537213,0
711871932,5
709494361,5
710949331,8
709896082,7
711756034,
709464826,8
709781700,
710811574,1
709995404,1
709960418,11
709918626,5
709616848,5
712104273,1
711528668,5
714411487,8
714059085,
712930366,
713883419,"5,10"
712941518,8
709998222,
711944479,3
712103334,5
714358368,5
711083650,"3,5"
714207639,9
710155350,
710079143,2
712563389,5
711184211,
713624558,3
714328193,7
712710695,
713784564,6
712645305,
713956955,5
713410625,3
709775237,
710445952,5
711081596,1
709708512,5
710820458,5
713871039,
710730650,
713480605,3
714054335,0
709575356,6
710176093,5
712035776,5
713785575,5
714300744,5
710143729,5
714288225,
710524035,3
710699052,"3,5,10"
710994025,
713181478,7
710840860,
714351555,5
711860427,9
711500953,10
713230314,"2,5"
711219531,5
713089982,5
711370671,3
710609798,5
709673486,9
712810315,9
710220512,10
710389852,"2,7"
711708916,
713038810,
711579221,
713769462,10
711895687,5
711155564,5
711466220,2
709667564,5
711534831,7
714335759,5
712506298,5
709927860,
709728938,
710064120,3
714011053,8
711623796,3
709945208,10
713996513,5
712050921,5
713303696,"5,8"
710505002,3
712407470,5
710235308,
711472294,"5,9"
710803980,8
711332168,2
712965679,5
709784238,
712343604,5
713141544,8
711575402,9
712809315,6
714395249,
713689644,
713181636,4
713932268,5
712316236,
710714828,
714014713,
709565623,3
711230730,"5,8"
713321563,3
712513872,5
710512162,3
713602710,6
709574427,9
712679343,3
711417088,3
713039347,
709665279,
712936333,5
711831019,
710615371,
712377865,
712951853,9
711703905,5
714035795,5
712112225,
710415050,3
711245643,5
712830739,10
713993874,"5,8"
711077570,9
710654865,5
714239358,"5,8"
712805723,5
713300912,2
712743476,5
713450653,
710706210,
710506667,3
714253954,
714284035,"8,9"
713742829,9
710401609,9
712415987,
710643325,8
714186465,
713509827,
714167447,"3,5"
712406311,
713342291,5
710139410,5
712190786,5
713184579,"5,8"
711665913,
712573190,"3,13"
713553446,9
712630591,3
712485097,5
710387227,
711826497,
710455471,"5,8"
713128827,5
712293038,
710320420,9
709899667,
713301525,5
714080397,5
713928496,5
709429335,
714208980,"5,8"
709963341,
711810324,3
712243909,10
709915900,"5,8"
710239439,5
713234526,5
711124228,1
712976476,5
712315577,9
713886072,1
710512145,10
712285742,5
713137944,"8,9"
714314346,
710775527,"3,5"
709957649,9
711545568,
713662231,1
711817863,3
710704217,5
711818219,
711065594,5
712258581,3
710318242,5
714204713,1
709787297,
713426199,8
710261460,0
710003313,8
712878922,5
710802328,6
711399961,1
709969919,
709520695,5
712284597,8
710313482,2
710956616,"2,3"
709495924,3
709762388,5
713781776,"5,8"
709662837,5
712060278,
712446685,
709800203,7
709514081,3
711275960,10
711472412,8
714234936,"5,10"
709511774,
711068573,"5,8"
711725373,5
711858855,3
711925685,
712613788,5
712940276,
713147137,"5,8"
711693630,3
711460263,5
712868929,7
710284029,5
713905668,10
713861295,10
712678227,
710856325,"5,8"
709557536,1
711773677,4
711070561,
713719997,2
713274751,
712466209,5
709708241,
713229555,
713984104,1
714319293,10
712950325,
710601589,
711052631,
713769954,6
710282037,9
711265816,5
712856483,5
713089832,8
713429100,
711217302,5
709408143,8
711624279,
713037072,
713945665,5
710611260,
712566122,"0,3"
713518621,
710900256,5
711411902,8
711332368,5
712611177,"5,8"
709700655,8
711197358,"1,5"
711479370,5
710268689,1
710542646,9
710159246,
712346499,5
710088534,9
713704254,
710420826,5
711435980,3
709796217,8
712731200,1
712827009,
710842955,
710861901,
711253633,2
713409169,
712157338,5
712447132,8
712350442,10
711226626,5
714089788,12
713257541,
713571972,"5,8"
712373862,1
711547508,
711003413,8
712157132,8
712550402,5
712449394,5
712248025,
711611942,"8,9"
712551535,7
709440361,3
710391679,5
711160675,"5,8"
709708209,5
712318608,
712998461,5
713716694,
714382090,6
713134920,
709869081,5
710836966,5
712183624,5
713747080,13
710144144,10
712476127,11
714371715,3
711467413,5
711553146,8
711887837,1
709865219,6
710240832,7
712929668,3
712044597,7
714222844,
711127218,
709631485,5
712953288,3
709498618,"3,9"
713070391,
713553398,
710682781,"5,8"
712093901,10
712800900,"5,8"
713310052,
713633011,1
711323911,5
712625023,3
710817387,5
709758839,5
713378691,3
711363184,
714289677,
709605453,3
712164143,1
710586197,1
714169930,"5,12"
712619504,3
714093569,8
711728221,0
714033710,5
714119377,9
714376995,3
712171514,5
710658129,10
711175131,1
711865280,5
712472986,6
710588410,"8,10"
710679520,3
711932836,5
710229659,5
710631085,
712093730,
711738941,5
712800057,9
710963879,3
714083309,5
712237189,8
711071368,
711295888,7
713075201,5
709486795,5
713033498,
711850899,3
714091372,3
712044143,
713724754,0
710226030,7
709548570,5
714403780,5
712062510,"3,10"
711530992,5
714245064,6
714039665,1
711601752,0
710402765,1
713956039,
712240809,8
712214980,1
711744474,"5,8"
711983500,"5,8"
712741597,9
711595942,5
709438013,5
713090074,5
709668598,6
713830039,3
713340012,5
712273928,5
710243057,9
711806619,
710768476,1
710846191,
712943795,2
711561116,11
709532310,8
712225734,3
710598717,"8,9"
711892498,8
712627397,
712872657,
713688330,7
713959892,"5,10"
710636851,5
710434932,7
711851187,5
710823115,5
709879330,9
710083729,"5,8"
710752284,8
713757551,
711740083,
714326027,"5,8"
712524551,5
713019750,2
711771182,3
714053619,2
712268772,5
710950969,9
710167525,8
709590147,5
713156984,
712359221,8
711786745,
714251400,"3,8"
712273012,3
711764367,
713070457,
713602049,9
713216959,
710627013,5
711368119,9
713268876,3
712249015,"5,10"
712499640,9
714404562,
710544184,3
712356126,3
709494056,
713783199,4
711750626,8
710221574,6
713194762,9
712744719,5
710319435,
713597486,2
710182245,
711539467,1
712768228,5
711016507,2
712157942,5
713477114,3
711012648,"5,8"
711896129,5
712720922,3
711752685,
713085135,5
713927188,8
709989274,3
713208300,1
711657310,1
710287482,5
709704532,5
711267038,"3,5"
710608464,8
713103704,
712177559,
711955832,
711149371,2
713343873,
714369228,1
712050342,
710661456,5
713623495,
712304091,3
711433975,5
713954966,8
711046254,
712858125,3
710361229,"5,11"
710366819,5
711987950,5
712382492,5
711278542,1
709742521,
712523187,5
710464504,
710566234,9
710927185,3
710219558,5
711395588,
713599779,5
714097843,
712688369,5
712543164,12
709590882,
712121285,5
713499039,9
712854508,3
713005336,8
712707931,10
709899538,"5,8"
714061295,8
711450684,5
713324228,9
709644226,8
709676608,9
712340385,
712146367,
710442015,5
711517458,"1,5"
710142366,5
709846419,3
713976865,
713342509,2
712281068,8
709580479,5
712987959,"5,10"
709447081,5
711453676,
713980620,8
713004627,5
709874093,
713246353,5
710704644,5
714371002,
712165169,9
709722612,
713580145,"3,8"
713851830,"5,8"
712963513,9
709805539,5
711957214,
710819617,5
712944218,5
709670121,10
714083926,"8,9"
710650820,5
711404042,3
711868425,5
711336232,5
712604838,
712303490,5
714139314,"3,5,9"
709974433,"3,8"
711448940,
712379276,8
713896920,5
712748315,5
714260985,5
712852577,
714362949,8
709881850,8
714143221,"5,8"
712578855,5
714054454,
710705952,5
712987988,
710273719,1
714364346,
713558396,5
714252949,5
713785837,
709877588,9
709978827,10
711224477,
710653942,
709654754,10
712893064,
713111413,5
712782527,
709713051,3
709740540,
710983088,
709777938,5
710511069,3
713556844,5
713476898,2
710056225,0
713299333,
712366964,5
712377535,
710363958,9
710011055,5
712092096,
713887396,1
713105152,5
714416658,"3,8"
710449129,5
712993642,
714306838,5
711666950,
709646644,5
713454735,
713144570,3
712253488,5
711713684,13
713980427,1
712849145,5
712841667,
714247237,3
713816277,
712211084,3
712228966,"1,5"
710081655,8
711003516,9
710294865,4
711648198,0
709700950,3
709693019,7
714117472,
712076824,5
714153080,10
711121904,6
713747241,1
710113526,
712072484,5
712732059,
713645652,
710887563,5
710229685,5
709739645,5
714378070,3
713853655,10
709450626,5
709401095,3
713931854,5
714266713,6
710319390,5
714168614,5
713160880,
710519833,3
712889367,6
714296091,5
711777292,
714267541,9
713101309,
709659167,8
712629102,5
714311892,"3,5"
709519738,
712999216,7
711210687,9
714105918,
711459565,8
710262662,3
713399002,3
713006559,3
713326362,1
711793567,
711776490,
710549924,
710657943,
709753452,3
713281401,3
714141468,5
712311949,
709492711,11
711816696,5
710565182,5
713174707,
709400643,"3,10"
710514893,5
710873676,
714237632,5
713193980,5
713235482,5
710701729,
710787238,"5,8"
710687682,8
710717055,
713250812,1
710253020,"5,8,9"
710994157,5
714272271,"1,3,11"
713920726,
710574877,5
710465259,5
712797958,5
710668204,5
712219833,9
710730740,"2,5,8"
711420243,5
710486224,
709802882,5
712864119,3
710395499,"5,8"
713966634,
711868264,5
711725794,5
710983480,
714252488,7
711862231,5
710640809,
712136527,8
711405785,
710690944,
713834025,5
711121938,
710832020,
711273314,
709453079,8
712352455,5
709788264,5
710082444,2
712934733,3
709833206,3
712289654,
712770830,1
710429820,5
709563625,1
712719935,
712661087,5
714088807,"5,8"
712067218,10
713884529,
713495753,"5,8,9"
712407251,
713550415,
711143575,
712782607,0
714294408,3
710584040,3
713704393,
710763171,
711981438,5
710301214,5
711712732,8
713333990,
711548896,"3,8"
713549936,5
712264828,3
714129847,"2,5"
710182080,
712535806,
709721276,
712402515,3
712668903,5
711413815,3
710961170,10
713632340,
714246413,5
711347845,3
713433248,"5,11"
713505287,"5,8,9"
713883422,8
709634119,"5,8,9"
714286208,9
714260396,5
710987672,
711875380,5
712059641,"5,8"
713639450,"5,8"
710476862,3
710486649,9
710159908,10
712080803,
712364697,8
712323357,1
712805235,5
711705652,8
712193483,
711795435,
710641010,5
712225907,3
713527959,
709625143,6
713031755,5
714103629,
714367035,
711011279,5
710456898,5
712581053,5
709460330,4
709922586,8
712531079,
711266598,
713547282,
712770715,
709826792,5
713365558,
714190968,5
714052718,1
713622694,5
712538616,3
709439173,5
713848987,5
712357881,10
710729228,5
711601350,1
710093168,5
714267511,5
710332891,
711939264,
709660114,"5,8"
713218954,12
710811462,"5,8"
712841654,
710881549,"5,8"
711882733,"5,8"
714247747,
711670378,2
714324354,5
712553560,
712383560,
711586237,
713195845,
713982961,
711985530,5
711048528,5
709788824,
710012795,
712130083,"5,8"
710842567,5
712978601,1
709475664,5
712621925,4
709858295,10
709595848,3
712745929,10
712618354,7
712802784,5
713853260,
710727751,3
713919247,3
710429989,3
714247771,8
713117675,3
711121763,5
710652537,1
712315435,3
713244938,5
710128244,1
710166542,5
712351251,9
713967318,10
713525579,5
709822112,"5,9"
713728999,8
711158839,5
714121400,8
713568983,5
712669487,6
714071045,
710122362,
710168658,5
712547725,
709524238,
710158972,5
713711923,
710732886,5
712377149,3
711454148,6
711806616,8
711815425,6
714303738,"5,8"
710162506,3
710769273,3
711521384,5
710439572,3
710807773,5
712101101,
714068920,3
710946736,3
711657620,5
711267630,5
711970857,3
709924709,11
711172819,
709888866,"5,10"
711025969,1
712482765,
709869699,
712074218,8
710767560,5
714286984,6
712209487,5
710231950,5
714410792,
709534313,5
711287503,
711944844,1
709839094,5
712373665,
712234112,3
712698007,5
712930648,
714335266,
711235319,"8,10"
714017163,5
709694941,
712870284,8
711730425,
710217950,"3,5"
710153268,1
712545549,3
713512619,5
711276759,1
713592397,1
712976089,6
712278375,8
713540624,3
711851921,
711169994,8
711539173,3
713914216,10
713437279,0
710195801,"5,8"
710793951,
709634950,"5,8"
713019922,0
714085760,
711349026,
714411343,
711212976,8
713480567,9
710496610,"5,8,9"
711231220,
711396544,10
710600968,5
711275337,
714361016,"3,5"
710186943,5
713145646,5
713888367,
711605385,5
711827459,5
714068971,
713095069,13
709425839,5
712006432,5
711562838,
710389296,10
713864658,8
710342576,3
711821613,"5,8"
709674838,
710106688,"5,8"
712071157,
714070283,
713969765,10
710180145,
711731687,"5,8"
711482011,
710223689,1
710590735,6
710484903,1
712375959,5
713617949,
710007795,10
712429610,3
712120856,3
711282807,5
709736839,5
713258105,
713299590,5
711307397,
714416693,3
710595578,5
710476731,5
711724663,
710360282,"5,8"
713360439,1
712037171,"5,8"
710088790,5
709883528,5
712116780,
709812325,5
711495057,1
713404252,0
710733956,"5,9"
711951848,10
711233051,
712799358,10
714090258,3
712594757,3
709459301,5
713354424,"3,5"
713241796,
714050405,9
713517325,
709990622,8
711441551,
714267762,8
713056959,5
709435279,6
712852261,
714031569,5
709437210,3
714177487,9
711170717,5
713039440,5
709495640,
711816013,
710733981,
714166898,
709893207,5
710566124,"5,9"
713553128,8
714303666,5
709414466,
713586182,5
714107902,8
709418179,2
710614492,1
714062880,3
711383548,5
709955027,6
710361987,5
710920180,8
713798009,
714412148,
710235676,3
712754732,8
714232295,5
712103626,5
712402067,
711236862,5
712009054,5
710104968,9
714118527,"1,9"
713089281,5
713016305,8
712102243,5
709858615,
712763106,10
714298689,2
713876122,6
711518204,"2,5"
710882844,5
709968398,3
711986338,5
712999003,
710431869,10
710983798,
709755106,5
711903695,5
712618968,8
712032257,
714084362,3
710910973,
713533556,5
711622566,5
712541058,1
711400304,
711204977,
709611092,3
711329734,1
712388583,"5,8"
711952779,
713352127,5
714421115,3
709779644,3
713166263,5
712376698,10
710395129,7
710960102,2
713983240,
711503031,5
712165260,3
712000653,9
709677984,8
713244098,10
712666740,
711596596,5
712836878,
711889417,
711603883,3
709425519,"3,11"
709431134,"3,5"
713114929,5
711494094,
710978933,"1,9"
713852099,5
710027981,
714145415,1
709583580,0
714098505,2
713623740,
712798054,5
709492754,
710823838,5
712503132,3
713398851,5
710990258,
714112757,
710274403,
713377331,10
714064035,3
713964444,3
712821363,5
712159608,9
712353836,1
710293654,10
710857538,"2,9"
713760914,5
710496208,
713569200,5
710540154,5
711871505,5
712540109,"1,5"
711584983,8
711240890,
713205081,7
711767084,3
713350754,8
713096419,
710515096,3
712798265,3
712495864,1
712555144,5
710049928,
713718131,3
709767754,"1,5,8"
710569619,
711690628,8
714082542,
712338432,
712883171,5
711537781,6
712203774,
710957205,
710263485,5
711536746,3
711725115,1
714079968,8
710027766,1
710777244,
711718552,
709653551,3
710968118,
712623330,3
712134839,10
711851295,5
712215613,3
711021320,5
709731668,10
710138479,6
712579355,
712409212,8
711390921,
712998659,8
711156034,
709594557,
710165388,5
711034447,0
712076003,3
711073147,5
713142542,
712765621,3
713039165,
710841983,
712920369,"3,5"
711944988,3
709582948,5
711798716,5
713823182,8
709444218,
713809595,4
713298231,10
714241914,
711469102,
711279740,
713382260,7
709574889,9
711774929,"5,8"
710670703,
711428958,6
714317778,8
713252685,3
710949672,5
712875514,
713228568,0
713475350,5
714004837,5
713644608,5
713314848,10
712788879,10
712833075,5
712174219,
713527222,1
714373563,
712467887,5
711772904,1
709687980,5
710956004,"8,9"
714103627,5
712138061,5
709487933,
709945865,2
711528603,8
709573722,"3,5"
713024452,8
713356629,5
714287935,
711244516,5
711784501,5
710569124,
709461246,
714350038,
713281734,5
713135596,"3,5"
713539216,5
710781334,5
713247932,5
711642756,10
712734230,9
710378745,
712515663,5
710429481,5
711284416,
713133361,
713756220,5
709750273,3
710663989,3
712987140,5
712973187,"5,8"
713537701,0
712295415,5
710560712,
713787153,"3,8"
710283739,3
714371921,9
712780558,5
712844056,5
710915120,
713191218,
713795313,
711283112,2
709908765,
709411347,"5,8"
713381528,
710249901,5
710636680,
711155568,
713746673,
713750492,
711937564,10
709798300,5
714036792,5
712997777,8
712509804,5
713312894,8
710894045,"3,10"
712178300,
711718885,
714226468,5
711493842,5
711615012,5
710469962,5
711615567,
710699270,5
711889040,6
712423244,5
710954812,
712942693,0
709760321,3
711596358,8
712743662,5
711450856,5
709714975,1
713575947,5
713597824,
710707013,1
711470891,5
712957769,5
713584904,5
713055476,"1,5"
712465509,5
713819851,"2,3,5"
710784758,5
710443287,3
710334789,
711375048,
714179240,6
713527477,5
709907481,1
709973770,
712257633,9
710536729,5
710148180,3
709874270,5
709968470,3
713440780,5
713568839,
711032295,5
714278058,
712053541,
714141653,3
711589709,5
714033496,5
713150939,9
713478621,3
709639780,3
712709007,5
711574965,3
711251941,5
713992631,
714087263,0
711963731,3
710613742,10
713048101,5
710235106,
709635125,3
713868035,
711958002,
711074142,
712546571,
712653266,3
710663096,9
713522390,"5,8"
711920410,6
714132372,10
709479378,10
714200000,5
713717750,8
711912145,5
712011235,1
710289129,
710927837,8
713937443,8
714099441,10
712012022,9
709594716,2
711240107,3
713854726,5
709537858,6
709671934,9
714218594,3
710868336,8
714335881,4
710708126,"8,9"
714414088,7
709438023,
709966937,5
711895222,9
710610090,9
713558661,1
712527670,9
713260543,5
712312370,
710158752,5
709774509,3
709537250,
710529078,5
712911795,1
709832884,5
712554558,"5,8"
713065156,9
714147174,8
710151962,8
713359896,
711812006,8
713744254,6
713858639,5
712845641,
714165509,"5,8"
710381094,8
710507201,3
710761326,8
710843863,
714046410,
713159413,5
709620383,
711990671,9
712271514,3
711300706,5
710562281,6
713351479,"5,8"
710267519,
714375043,
713130891,5
713535944,5
714216427,
710819250,5
710557663,
711575884,
711276356,
709399911,5
710137513,"2,5"
713353539,"3,5,8"
710892764,5
713221813,
709711482,5
709883682,3
713912793,9
709681022,
714262386,6
713211647,1
710513714,
713284302,
711428519,10
709806172,5
710733117,5
711172043,8
711717215,5
712253951,"5,11"
709840015,0
714084196,5
713929356,
714300827,3
710864111,5
712545111,8
709461156,7
710592311,5
713765143,5
711964096,
712781079,5
711834757,5
713664161,3
711951906,
712823395,5
711446575,5
710333499,6
710001910,9
713214916,"2,3"
713211902,9
712287104,5
712859836,8
710637654,"8,9"
712335604,"5,8"
711835424,11
710742737,5
710523771,
711322831,3
709938000,
713473027,"5,10"
710093519,5
714344737,5
709454746,1
709831069,3
713725569,
712917887,5
713287438,"8,9"
711998935,8
713485041,5
712546494,3
711799981,9
712176627,3
711782416,12
711743034,3
713127310,"3,8"
711369421,5
710229781,
713048374,3
710224548,8
709483233,5
713187517,
710282677,
709541666,2
710121968,1
713249695,"1,9"
710152289,
712386920,"9,10"
711692261,3
712230934,0
710935943,3
709889725,10
713086752,9
713860964,
710395423,"8,9"
710957826,5
714346865,
712044436,
709649987,
710471326,5
710714950,"1,5"
709452905,"1,3"
711357499,5
712455531,3
710312778,8
712039169,3
710786727,3
711858960,7
709647417,8
709854727,
711855309,5
712706863,
711634226,3
710452206,5
713186687,5
713809193,10
712821871,4
712366777,
714155385,5
710110522,8
713628775,5
710279326,"8,9"
713038535,5
709440564,6
712554009,7
714297461,5
710053083,3
713907690,3
714173516,
711603580,"3,5"
713415431,1
714014378,5
710990022,
713493953,8
709519702,0
711541505,8
710356605,
713056409,
712159273,1
711274807,
710656733,5
711452478,12
712389560,5
714041680,"5,8"
710595226,
713971812,5
714207121,2
710353267,
714295866,5
711395408,8
713902201,3
713374004,5
711237483,
713533211,8
710225911,
710696253,
709585900,
713993522,
714088668,5
713547331,1
711025592,5
710243243,5
712384076,5
710870522,3
711053047,"5,8"
712691894,5
712046609,
714007181,0
710757284,10
709912544,"8,9"
710650581,1
710167206,5
713237303,8
712929745,"1,5"
713650829,1
713262053,
713732047,
711135696,6
711010773,5
712563936,
711861860,5
713290055,5
714186706,2
711068769,
709426768,
714152523,3
712436177,
711567932,
710358121,
709447337,6
712473068,5
710650825,5
713303530,3
710173541,5
711696156,
713220122,5
713868529,13
713234467,3
711275236,5
712912008,1
713265320,
713710390,"5,8"
711260575,0
712337260,
714218375,
709508851,5
712651243,8
710326402,7
713889190,5
713540295,1
713435585,5
711286170,
712896994,2
711227207,
713494863,5
710499620,8
710027388,3
713966165,10
709691634,5
712027653,5
709771507,
713343503,
714154250,1
710759798,8
710940158,5
713009023,5
713528645,9
711596837,5
709557319,0
709399512,5
710184958,7
714004718,
710667811,5
711392203,
711888967,5
712347215,5
714077424,"5,8"
710034529,6
713888379,
713464163,9
712632226,9
711141629,8
712464305,
709402662,5
713998217,"5,8"
711770932,3
713224625,10
714333583,5
711886189,6
710168503,5
711742999,5
711460017,10
714195010,
712599216,5
713081799,8
711738234,"3,11"
712775245,5
711034665,
711064005,3
714408246,5
713772731,"3,9"
712583195,
710434548,
714227533,11
712896865,
711259173,
712191182,1
714232495,
709507512,3
710884438,5
713879899,5
712802751,
709606106,10
710995269,
710901352,3
712467235,9
712427178,8
714346566,5
711111664,"5,8"
712617062,3
709903984,0
714322146,9
711615621,
713868139,3
713838047,"1,13"
714317360,5
710975082,
710182798,
713580144,"5,8"
709816116,"5,8,10"
711136784,10
711981078,5
711916515,"5,8"
711365948,3
710448807,6
714137800,5
710700211,"5,8,9"
710540323,3
711105529,"5,8"
714114760,
709407536,
709929824,8
712678167,
712623883,10
710155948,3
713472825,"5,9"
712784642,5
710080943,
713341431,3
712367292,1
710086859,"5,8"
710435918,3
712753303,5
710107898,6
713127146,"3,5"
713848418,7
710786163,
710634308,3
710313554,
714062622,1
709808212,3
710404793,5
711419928,
710760752,5
710099572,10
712702056,3
709842181,
713786590,5
713309896,10
709402899,5
711925823,5
713096790,3
714287311,3
709849466,
710579409,
711083277,5
714193877,8
714276891,6
713091703,6
713296567,"5,8"
714285638,2
713926805,5
710657458,
713586813,
709451139,10
712127020,7
712497062,3
711048052,5
709537385,10
711986337,
711717854,
711628381,7
711767245,
714416596,8
711749858,5
713564989,"1,5"
712255890,5
711763148,5
712982115,"8,9"
711571914,"5,8"
711451287,
711827535,5
712789701,5
713007768,8
710243108,10
710519569,
713592951,10
710886693,10
711108305,1
712203925,5
710679240,
712237029,5
712026547,3
711503029,
710865431,"8,9"
709955749,3
711090486,
709695974,5
712903489,
711009820,9
712400403,5
712854300,3
713448053,5
713924716,9
713225447,5
713972461,
711475358,5
711416229,
713535763,5
712963695,2
710023398,
710208647,12
714069433,
709399020,0
709610950,
710717864,5
714229845,
713693918,"5,8"
711247606,3
711258826,5
712144356,8
714090346,3
713393302,5
709827884,"5,8"
714160860,8
714052640,5
713489179,
713578281,1
713985407,1
712698458,3
712721350,5
712214481,6
710745028,6
712919830,3
709789335,
712424111,5
711727003,1
709766152,8
712864156,5
713009612,5
711911579,
710453589,9
711210088,
711211560,
709858145,
711795283,1
712288195,0
713124772,"5,8"
712133941,5
713929640,4
710378154,5
713628752,5
714205176,9
713823608,9
711624962,
710761881,
713140904,5
709743550,5
712416502,8
714364599,1
709889758,
710732367,
713207718,5
712960579,
713133760,6
710757692,9
713104008,3
711749319,5
709757295,1
711498162,10
712127097,5
714233744,10
712030043,
713110040,5
709709320,5
710366153,5
709722668,9
710817401,6
712353105,5
711489755,
709974050,
709690563,"8,11"
712513947,
713079635,5
711389215,
713437945,5
709584253,3
713983804,
712788888,10
712340818,5
710286120,5
712361175,1
713486319,5
712812800,3
713370704,
711280033,5
713956560,
712993409,
712825199,"3,5"
714153767,12
710117474,1
711959471,6
711145106,"5,8"
710946656,
710602317,"5,8,9"
712928143,
712803760,5
712224760,
713774003,6
710095774,
711968775,5
710438644,9
713865053,
713035925,5
712475734,5
713072025,
713479860,0
713582877,5
712583485,"3,5"
714347403,"5,8"
712303398,5
710331817,
713458439,6
711663717,4
713066410,
713582018,3
710812440,5
709845051,9
713993070,
714415269,8
710959684,5
712596703,5
709973285,
713023785,
712350260,4
709481956,3
713906511,5
713259180,5
713909059,
710687388,
710281321,5
712759732,"8,9"
713706815,8
713049959,
709760155,
712488754,1
710697083,
712312175,5
713892708,5
712431810,11
710634586,5
709887139,5
713063988,8
712310177,
710889963,0
709676303,8
711342083,"2,8"
712091703,5
713178928,
711312821,
711940925,5
712325529,
711513907,6
710512877,5
710726116,5
711753767,
713585434,0
713196170,5
709467094,5
709755945,5
710689634,
710987592,5
712295828,
709869723,"5,8"
710993512,5
709447829,
709456850,5
709967473,5
712667452,9
710999793,"1,8"
713895618,8
713491850,13
712841155,5
710213566,5
711608014,5
713705766,1
709443050,0
712732697,1
710675603,
710244213,6
713920512,
712535322,3
712690318,11
709400583,0
713134849,5
711310548,5
711961518,7
710777383,
714392803,10
710650309,5
710738020,1
709763104,"5,8"
712235858,"2,10"
710241619,5
710459109,"5,8"
713019344,
713968799,
710407248,"1,5,9"
714191175,5
711232976,2
711003169,5
710872128,
709617110,0
713515302,"3,5,11"
711156435,5
713524194,"5,8"
711729363,9
712958511,
711601452,1
709745029,5
711963667,10
713667351,5
713502545,5
711359690,
709537846,5
714373067,5
713109713,5
711295291,5
711161011,5
712409799,8
710299445,3
711653247,3
710458051,
711141959,5
710746762,3
710797701,5
709849065,
714329312,
713636036,5
713171079,5
710556674,5
711365970,3
710182411,
709787733,5
713984921,8
711446766,5
711441237,
714300375,8
712626929,6
714337024,
713374644,10
711769352,9
714415221,5
709478927,3
709569973,3
713583666,
713910314,1
709581376,0
714197488,"5,8"
709952066,7
711591407,5
710130404,5
710423094,5
713575976,5
711615724,
710058560,5
711590829,6
709451775,5
710687416,9
714202276,
710601299,
713815580,
713655904,
714006362,5
710147305,1
709971780,
709941908,
714092203,8
712499350,"5,8"
710047234,5
712291155,
711444303,
711548709,"7,8"
712506446,6
713866649,
710427476,
712643723,0
713087556,5
709461986,6
714336833,10
712092018,
712225311,"1,5"
711886412,3
714020258,10
710947615,
714381559,
712215527,5
713607732,4
714032394,5
712519396,5
713405222,10
710596079,0
711620066,11
713350193,8
711277103,5
710091047,5
711602460,
712291012,"5,8"
713226268,
709578042,8
711455840,5
712874100,5
713845301,
710313220,
710212730,
710732065,5
713320219,3
712593177,
714360931,8
712914294,5
711711731,
713445646,
711586356,5
711501809,1
714342280,5
710760995,0
714394266,4
713965686,
713627311,
712861658,9
713466468,8
713591876,"2,3"
712203393,5
709499544,
711813043,5
710319176,2
710967926,
709697208,
713936740,5
714162617,
712607699,
714191981,0
710340289,
711659538,5
714126690,"2,3"
713498389,3
711687573,10
712001767,"3,10"
712537433,5
711809141,
711999808,
711189604,
710400611,
712958500,
714135391,5
713221873,2
711811794,3
712903224,3
709438777,10
742941747,"2,5,1,3,8"
742980776,3
744071105,"5,3"
745479813,10
744497175,12
744984185,3
743867045,9
741837444,5
745157257,"12,8"
744904789,7
745079413,5
742216153,"3,7"
744296146,12
743412750,"11,8"
741624394,13
745827828,"7,5,9"
743927063,"5,13"
741870161,3
741944466,5
743648802,11
744230285,11
745801236,6
745073421,5
744482487,9
746199672,9
744674888,"8,9,5"
741759296,9
742606578,"11,5"
741893639,7
744648864,10
745254694,"8,9,5"
743997241,"8,9,5"
742962296,5
741627673,"5,9,3"
741750641,9
741369269,"5,3"
743028151,13
741786965,9
741449599,"10,5,13"
743647533,"5,11,3"
743146882,8
744015306,"11,9"
744523485,"11,5"
743889481,"5,3,11"
744958175,"10,5,8,9"
743833743,12
741820632,9
746286460,11
742276726,9
744295747,12
741359605,3
741564882,"11,9"
741719892,11
744521498,12
745833655,"1,3"
744850954,"12,1"
745814815,"11,5"
745838346,"9,5,8,1"
742067596,3
745479964,10
743400153,"3,7"
743324504,"9,5"
744904290,"8,5"
741829810,"9,10"
745039074,9
745869194,"11,8"
744338549,5
744172399,3
744040969,3
744482210,5
746166259,5
745135167,7
746237702,9
741972785,"5,3"
743167027,"3,13"
745110896,13
744819508,2
744078815,7
743553123,5
742392197,"5,3"
744395553,7
742454745,3
745089751,5
745183020,13
745541670,7
745661126,13
745089613,5
743399580,7
745963397,"5,9,11"
745168218,8
745190088,"3,5"
745019162,5
743443821,"9,8"
744449386,"5,3"
741692138,4
745190161,10
743905816,5
744328336,6
745866992,10
744556341,7
741549939,12
744471060,7
745743266,"8,5"
741835540,"8,9"
742150525,"8,5,9"
741847238,12
741670323,7
743836889,3
745379325,5
743709251,"5,3"
742562282,1
745088931,5
743201648,5
742101500,8
743488542,2
741774224,9
744978428,"3,9,13"
741851498,"9,10"
742888758,11
743250757,"9,3"
745912558,13
742768230,"5,7,3"
746016564,5
742095444,"5,9,3"
745599673,9
745914220,12
741889057,2
744844515,5
741537963,10
743716070,"5,3"
742612346,3
745061098,5
745090826,"8,5,9,11"
745489348,7
741564142,3
743913250,3
742846822,"7,11"
743705758,5
743798414,"11,10,5"
745089546,5
744893994,9
745966707,3
743985469,"8,9,5"
743398378,1
743041028,"7,2"
743352279,3
745990251,3
742625275,3
745868485,5
742065828,3
745235661,12
746164959,7
743115090,13
746126599,3
741656744,7
745066273,"10,7,2"
743894466,"3,9"
742170571,9
744144923,13
741808625,"9,10"
744044045,"1,9"
742358453,"11,3"
746252211,3
741948146,7
746271237,3
744315130,"8,5,9"
744030049,"5,9"
741331107,"5,3"
744607312,"8,5,9,10"
742791713,5
741378005,5
741924532,5
743255589,"11,3"
744298111,"8,9"
742636174,9
746315902,3
744842869,"13,10,8"
744887267,9
746166600,"8,9"
743246245,5
741878102,5
742899695,"9,5"
743818184,5
745772556,"11,5"
741818176,9
745203430,"9,8,10"
742307858,11
744325055,12
745019297,5
741678486,"12,11,7"
742660027,"11,8,5"
741789858,10
745716229,"5,3,9"
742097163,"8,5"
741863579,8
743500592,2
742004270,1
745890731,11
741561142,5
742574533,5
742928268,"5,11"
741527592,3
742942315,13
742083565,3
744224020,5
742336547,5
746228962,7
746206555,7
745085276,10
744253133,11
744607654,2
742780741,"3,8,11"
745976155,5
744324632,7
742813466,9
745520845,"3,7"
743242616,5
745093156,5
743242346,10
741678735,5
743237338,5
744335059,"8,9"
743243746,"11,9"
743278165,"5,11"
741538774,10
745074778,5
744894347,13
742973211,13
741731826,7
745389402,10
745529342,10
744171878,5
742133088,2
745166987,"3,5,13"
744706340,"5,10,3"
745084452,5
745084270,5
742070840,"9,3"
743620243,"5,8,3"
745161666,6
743837188,6
741780687,13
744678366,11
744975388,"5,9,8"
742214461,"3,11"
744711649,9
741596451,3
745110525,"2,7"
745740334,"3,5,11"
744444509,3
744916359,13
745790825,10
744189267,5
744048018,"8,9,5"
742054032,7
745829830,3
741896280,11
744594153,1
745153138,"8,5"
744293441,3
741967005,10
743255075,10
741832734,9
743905384,1
745506848,5
742522709,"7,13"
744003695,3
742594253,"11,12,5"
745502708,"1,8,9"
741522102,5
743713888,5
743903687,3
741691181,9
745519199,2
745989224,3
744711801,8
744704257,"2,3"
744319573,"5,11"
742347488,"3,5"
741755203,9
742828005,"12,5"
744751188,"5,12,11"
744040090,5
745241564,7
744863220,3
743137161,"8,9"
741812657,9
743589045,13
742784415,5
744105931,7
744733764,13
741518268,1
745711629,3
741417857,1
743460582,10
746271887,3
745649937,10
741583890,7
745977405,5
742496252,3
743412560,11
744003180,"8,9"
744363351,12
745133631,10
745516802,"11,5"
744881235,5
742406671,5
743201697,5
741874725,9
742537422,"9,1,11"
745075294,5
746038945,"2,7"
741925980,5
745114618,0
742466205,"7,3"
743834002,3
745739273,13
743035503,"8,5,9"
744050076,7
744574304,"7,5"
744222622,3
742842427,"9,5,8"
746237211,5
743547148,"5,3"
744324226,5
742528822,7
744417170,9
742002610,7
742234996,"8,5"
745697231,"8,5,9"
743681985,"9,5"
746170692,"11,5,8"
745329330,"10,5"
743441646,10
742782651,5
742176158,7
742305160,3
743282094,8
742835897,3
745462339,11
744905503,11
742124264,3
745087998,5
745540962,12
741505449,"1,9,8,5"
741754555,"2,5"
745080896,8
745982746,"3,11,8,5"
742983335,3
745814804,1
742417959,"3,5"
744147070,"12,5"
743610439,"3,9"
745673844,"11,9"
743004047,"3,5,7,10"
743680646,"13,7"
745387410,"11,9"
741766953,10
744024501,11
741807286,9
743439639,5
744506217,"8,9,5"
744013133,5
745091473,5
742403584,3
741880958,10
742970609,10
743210514,11
745972128,"5,3,10"
741850074,5
745245594,10
743011455,"2,9"
744421189,"8,9"
741767434,"8,9"
742308748,13
744413508,12
745899788,"13,9,8,5"
741942169,5
743711438,13
745866212,7
744395629,7
746263673,1
741894844,9
744337598,"11,5"
746290933,3
746163230,"3,2"
743866251,"8,9,5,1"
742842196,3
741647109,1
742368721,5
742224406,"9,11"
741412529,9
744040896,"5,11"
743878129,13
746311930,5
743709313,"3,5"
743779536,"5,9,8"
741417000,3
744288321,1
742676648,"9,1"
741891792,9
742283185,7
743561576,5
744498386,"5,3"
745089780,5
741867743,12
745075641,5
744060002,3
742789147,12
743278812,5
744556211,"11,7,9"
744973160,10
743079488,"9,8,5"
745558946,"3,5"
742701184,3
741881908,9
745082383,5
742192323,13
744374949,7
741945669,7
743389680,"3,5"
741746785,9
742258946,"7,11,3"
744435347,7
741770619,"11,5,9"
741768105,5
745413313,"7,10,5,1"
742878855,10
741942269,5
743769066,13
744173193,"3,11,5"
744855124,5
746136579,2
742260705,"7,2"
742960479,7
745844682,9
743416903,5
745517697,"7,10"
745089554,5
745499071,"5,3,11"
742625564,11
745142712,7
745020644,"5,12"
745388420,"5,11,9"
745404887,1
741822432,11
743155622,10
741764224,11
742669888,"5,3"
741476390,"3,9,5"
744507096,13
741580358,"8,3"
745712076,"11,5"
741767447,9
746236122,8
742628000,9
742748721,"5,11"
741738447,3
744727904,"5,3,13"
741377538,5
742892557,11
741709824,12
743782793,3
744354897,"5,9"
741766352,"9,10"
745094830,5
745081041,5
743792917,11
743646243,5
742806042,"5,11"
744932772,7
746316220,"9,8"
742146464,5
742942886,"5,3,8,10,9"
742764451,10
742560240,3
745546893,5
744160699,10
741489516,"8,9"
743074878,"3,13"
746009582,5
745829458,5
745245190,3
741797757,9
744957492,5
743895755,"9,8,7"
742085483,"3,12"
743275175,5
744397166,"5,7"
745181554,5
743574784,"5,1"
744498206,"9,11"
745827792,"3,7"
745181984,13
745521797,7
742462947,10
745593700,3
745081130,5
745673324,5
741532264,7
742943789,3
743890646,5
744104378,10
741697074,9
743836324,5
741424807,"9,13,3"
746009633,3
742178383,9
745765852,11
745072801,"3,10"
744699396,5
742849550,"1,9,8"
746008600,11
743884440,10
742181037,3
741346545,5
744101868,9
743399799,"12,5"
741313636,"5,7"
745749636,11
745748085,3
743619654,"9,5,1,7"
744275089,11
741515816,3
744929673,"11,3,5,8"
741532796,5
745182392,13
743994363,"2,8"
742018083,"9,5,2"
743516487,10
745653771,"7,9"
741846426,5
742647809,"8,9,5"
744419126,5
743242019,10
745843718,"9,5"
745522054,7
746239495,7
742870993,7
741765067,9
745735859,"5,9"
743882966,5
745576917,3
741924705,7
743721403,8
745075160,5
745755127,"5,8"
745085467,"8,5,9"
741375517,9
742622347,"5,3"
741924980,13
741658359,8
743208736,5
743256427,7
741952576,13
743849110,3
745428606,"8,5"
746313249,9
745514773,"11,5"
742654068,5
742903542,10
746160285,3
745198824,"3,11"
745705788,10
745522234,7
744449041,5
744672926,"3,5"
741561348,"3,5"
746269344,9
742727152,7
741926867,11
745301033,3
744287210,3
742830914,"8,9,5"
743116152,13
745389095,"13,3,9"
743700950,3
742971813,1
745080397,5
745775944,11
742900326,5
745735519,3
743813951,3
745121671,"7,5"
744877569,7
744441060,13
742132781,8
743296799,3
742091910,12
745083075,5
744155427,7
745999939,"9,8"
743026901,3
742933659,"8,9,5"
743882513,5
742839394,8
744237641,7
741857914,9
741513801,9
746304209,3
744093584,5
745925799,8
742065887,5
744222067,5
742221247,"7,13"
743239047,5
744129380,11
742137935,"9,3"
744032356,11
746239543,11
744638857,11
745083577,5
742117305,5
742392667,"5,12"
743346589,13
742044887,1
745073917,5
742950179,10
745854468,5
744948168,10
746147250,"8,5"
741719560,7
745855560,5
741674588,3
743773939,3
742847178,"5,8,9,10"
742326298,"3,13"
742961130,"9,5,13,3"
744724391,12
745080877,"3,11,9"
744699941,13
742592394,5
744100872,"5,9"
742092469,3
745123680,1
745617332,5
744147082,1
742824531,12
744889434,"1,7"
744521485,12
743287540,5
744666748,9
742853272,3
742827561,"8,11"
745148167,3
741379627,"7,3"
745208178,5
743157147,5
741459507,7
741523652,10
745951279,10
741626534,11
746195582,9
743951149,13
746136369,13
744623789,5
743687214,1
745685086,2
742022724,1
742515748,9
745877791,"3,5"
745764032,13
745092200,5
744848711,7
746035523,"9,10,11,5"
745440684,5
742482459,12
745564839,3
741762006,9
744294957,0
741883864,9
742567140,"9,8"
744054437,5
745818756,"11,5"
742850554,7
741378509,9
744982272,3
741769459,9
741627150,9
742264065,8
742798156,3
743726751,13
743964284,"11,3"
744014309,5
742848286,"8,9"
745441337,9
745539982,"7,13"
744652142,3
741447415,6
742270905,5
743343600,2
741876674,9
741775579,1
746040432,"11,8"
741817223,7
744558835,"3,11"
741600388,5
741878609,9
741902037,12
741439492,"11,9,8,5"
745819081,9
742153980,"2,5"
742759213,8
744668193,"9,5"
745276965,7
745085296,5
742516377,6
741803424,9
745310413,7
744270990,3
745480907,10
743682810,3
744140756,12
742085649,12
743310487,2
741695207,10
742990003,3
744410697,"12,7"
743246706,5
745640404,10
741790123,"9,11"
742766744,"11,5"
744075795,7
744312893,9
745300720,12
744133876,10
741399634,5
742994931,"10,7"
744680733,10
744567442,"5,11"
745374112,7
741878741,9
742418453,"9,5"
743491750,5
741969246,9
745164361,5
745906014,"7,5"
745076450,5
744064257,"5,7"
742691375,11
745320026,"1,3,10"
742378563,3
741466127,"9,8"
741420588,1
742231196,7
743116921,"3,9,5"
743329708,"5,9,11"
744313001,"8,5"
743830663,"13,7"
744013855,12
744864230,10
743421818,11
741880097,9
741794428,5
742279894,"3,5"
745164380,"3,13"
743449610,0
744094520,"2,5"
743059075,12
741681590,"7,12,9"
741482088,9
743887900,11
741608065,11
743730080,12
742652219,"3,5"
742908746,5
741884498,9
743912989,5
741835624,8
744878931,"7,5"
741863676,7
745507652,2
741652162,3
742449796,3
744981253,13
744550320,11
741769290,"8,5"
742471404,13
743783109,"5,9"
741741105,9
745507434,"8,9"
742258398,7
745094638,5
745114010,0
744719846,1
743732874,"9,3"
745207399,5
742259381,"5,12"
744717941,"7,13"
743875184,"5,1,8"
742012741,"9,8"
745970378,"13,2"
745081021,5
744832542,11
741754947,9
745964354,3
742757478,"8,9"
746098929,7
744718490,"3,9,10"
743218657,12
743041167,12
743758551,8
745830993,12
745093671,5
745966722,"2,11"
741328481,3
745074074,5
745326598,9
741947331,"13,5"
743992175,"2,8"
741775711,13
744062413,11
745183337,8
744637250,9
743309165,"3,12,5"
742790416,"12,5"
746216650,9
745802196,1
743244587,5
744344890,3
745088304,5
741510755,3
744537217,13
743870736,"5,11"
744355724,10
746275731,2
741578191,2
744708261,5
744899754,"7,5"
745673792,"5,3,9"
745885675,1
743443476,"9,5,8"
745670684,12
744278474,"11,8"
744882955,6
741572867,9
741469119,3
741399483,9
741447598,7
742627463,10
741872773,9
742705868,5
744069031,5
742132018,8
744685794,13
743851919,"8,9,5"
745538554,5
744558554,10
741830472,9
744877109,"2,13"
742326193,"5,13,3"
743780674,9
741372106,"1,9,5"
744383119,3
745091708,5
742879778,10
743708944,5
745522636,"7,5"
742059659,"9,3"
742301402,3
743057718,"2,8"
741389876,"11,9"
741778153,3
744583896,8
741924974,"7,5"
743172047,"5,3"
743875977,"13,5"
745107547,3
743051893,5
742767855,"12,3"
741844499,5
741375776,"1,5"
744356970,3
746036013,13
744877990,"3,8"
742980202,"11,3"
745913930,12
745075103,5
742241583,13
742362058,5
745618628,11
745482259,"10,5"
743594592,"2,5"
744559263,5
745659673,1
745408147,"11,9"
745612480,13
745080369,5
745073588,5
745997618,11
741496251,"5,9,8"
744042406,"1,5"
742185326,2
745914504,3
745914749,12
745386389,5
741583433,9
745522310,7
743749578,10
741518163,9
745198338,13
745656069,"3,9"
744967022,10
744880313,"1,11"
741845722,9
741916285,7
744627377,3
744578767,7
744484866,"8,9,5"
743469380,8
744231845,"5,3"
745778524,5
746069208,"11,5"
741570919,7
743438458,"5,7"
744897722,13
745621382,2
743147984,7
743276500,5
746037794,3
744572320,"3,8"
745085628,5
743913719,"13,8,9,5"
741874334,5
745082107,5
741864791,9
742846560,5
744794725,7
741766800,"9,10"
744943503,"3,5,9,10"
744529673,13
745016910,8
742796809,"11,5"
741354061,7
744229199,"5,3"
743428299,3
742158415,13
745913039,11
744377693,1
744442358,5
741504514,"9,8"
744405024,3
742805869,"5,7"
741910589,10
745080682,5
745905010,13
744784433,"2,8,9"
743709899,10
741545302,13
745187271,"8,9,2,3"
746105957,"8,9,5"
742034841,10
743245421,"8,9,5"
746205992,7
743822639,3
743157235,"3,5"
745913669,12
744173654,5
744315828,"5,8"
741393428,10
742972065,7
745865971,5
742343279,3
744673340,7
742145220,5
743222419,3
745913281,12
744784933,"3,11"
745074988,5
742063489,13
743548150,"9,3,5"
744658546,"2,8,9,5"
742167560,10
742460410,"8,9"
743335017,"1,5"
745219174,11
741856958,"9,10"
744146619,"13,8"
744237365,3
743305945,"8,5"
744709734,9
743788315,1
742091527,11
745646921,5
745256864,13
742878056,10
741434784,9
746249936,"8,9"
745076537,5
745206729,5
741942400,5
745001018,8
741855354,9
745967823,5
743339088,"9,8"
742540269,13
745500300,"7,5"
743297645,7
742990841,"5,7,1"
745032958,5
743833464,1
745407527,9
742718772,"5,3,13"
742867805,"3,12,5,8,9"
742161851,"7,1"
745082350,5
742797990,3
746273923,10
743623595,3
745659489,"12,1"
746136381,"3,9"
744587948,11
742753069,3
741844753,9
743434824,"11,5,8"
745836062,3
743825006,4
744346546,"5,1"
741555400,12
742752989,1
744306819,1
742947468,"3,11"
743045163,"2,8,10"
741806626,9
744409823,8
744676725,"3,2"
744027021,"8,9"
742011693,9
741755387,9
742809417,"5,3,11"
743126439,7
741919944,7
742332291,7
744891791,9
743810529,"5,11,3"
741921886,"11,5"
743422517,12
741798067,"8,11"
742358638,"2,7"
745374062,8
742453278,11
745093468,"5,7,11"
742098678,3
745569795,"11,5"
744642186,"9,13"
745093461,5
745371425,11
746233319,"8,5,1,3,7"
743870923,"8,5,3"
742833376,6
743646537,5
744810291,5
744624792,8
744156496,6
743742656,"8,5"
743072832,11
742068275,"11,5"
745030881,5
744709159,13
741936360,3
741969787,8
741689610,9
743251014,5
742019614,"2,7"
741854932,9
745666704,9
744514096,11
743834564,12
745237238,3
745521659,7
744526679,"5,3"
741623636,13
745077480,5
742388605,6
745071879,"5,9"
742879771,7
741742774,"8,3"
745666037,"8,9,2"
745725494,3
746022252,9
742521493,3
742953327,3
743751093,11
741378132,10
745916007,"8,5"
744311772,"8,5"
746308879,"9,8"
742644482,"5,8,9"
744208490,11
742813553,10
743320834,"8,9"
744845830,"9,13"
744457823,11
741814503,5
745315478,10
741540533,3
746126496,3
743243070,7
744514277,"5,9"
742332720,5
745597076,2
741521140,"5,3,9"
743244902,5
745674042,"1,5"
745203214,"8,9,3"
746121645,7
741906260,5
741531533,"11,9,8"
746085634,3
745558426,13
746113370,"13,5"
742199230,5
746025903,"13,11"
742937926,3
745072622,5
745085209,5
746055614,"5,8,9"
745081012,5
744669648,10
744541177,"3,5"
742653435,"5,3"
745074667,5
744440194,11
743835967,12
742259554,1
741768206,"5,7"
742616659,3
741983515,3
746008102,3
742367995,"3,5"
744374017,2
746158493,11
744845338,"3,11,7"
741662856,10
744977138,"2,3"
742970072,5
743267166,12
746217329,"3,5"
744415894,8
742373305,10
744207155,"3,5"
743501024,"1,7"
744330660,11
744495254,3
743324392,3
743550056,"7,5"
746255733,7
743666140,9
746230859,7
744874158,3
743800009,10
744856439,13
744968471,3
741845027,9
741906250,3
744806596,1
743883065,1
744344112,3
741971661,"5,11"
746210450,11
744987016,"8,5,3"
741756723,11
743701929,"7,9,8,5"
744287865,"13,7,9"
743288112,5
744317257,"8,5"
746021467,"13,3"
741523874,9
743358297,"5,3"
745091737,5
741695550,5
746080780,12
741745661,9
745192260,3
744640354,"5,3"
745091203,5
745071153,5
745093336,5
741519372,"8,9,5"
744716316,7
746280099,3
744115061,11
742362642,1
746006503,5
742228683,"11,5"
742359207,10
743800305,10
743916846,12
742884331,5
744163556,"8,5"
741625585,9
745821040,"8,2"
743100708,7
742593434,6
743630344,"5,2,3"
745875959,10
745981734,3
745405891,"9,8"
743800189,10
741755149,10
743217272,1
744619536,0
744898275,1
745091147,5
741814421,"5,3"
745244928,3
742737581,9
744046017,"8,3"
744292567,10
743239432,"5,2"
742828173,"12,1,5"
742559326,12
743811307,5
743741756,"11,5"
745653432,3
743780615,"3,11"
745766538,"3,13,5"
745006638,9
742911659,13
745218742,11
743152271,"9,8"
743142290,3
743287396,5
745001478,9
741874497,9
743689147,5
743812075,9
742323429,"7,5"
745296327,13
742006676,2
742630560,5
741720042,7
745084266,10
742849658,5
745694227,5
743206813,8
746160450,7
744709823,2
743062705,8
743031894,5
745156189,10
742598530,9
745073893,5
745669304,7
744937318,11
744539191,"3,5"
744430156,"9,8,5"
742941792,3
741756484,9
742552269,9
742336623,"8,9,5"
744195757,10
746177574,11
744430258,"1,9,5"
745268373,7
742196674,9
744417129,5
745091512,5
743391120,"13,7,9"
741922035,7
742588549,8
742101507,3
745039840,3
741766334,9
743248981,5
743844989,"8,5"
745914085,12
743834048,3
742562798,10
745088429,5
744489426,"3,11,9"
743803578,3
741871798,"9,10"
746043021,6
745082124,3
742858874,"8,5"
741620423,1
744532696,3
741673027,"8,9"
745082284,5
746106883,"5,11"
744543036,"10,3"
745661485,"8,9"
742221689,6
743854673,"5,8"
741651646,10
743889617,"11,5"
742870239,"8,11"
745278989,3
741741449,11
741753086,9
746027220,"3,7"
742797052,10
744008808,"9,5,8"
743214227,12
745756768,9
744214769,11
741820076,9
743812789,5
743801949,9
745058838,5
741426541,"5,2,3"
743172909,5
743490038,11
743797291,5
743788965,6
741838351,9
743974196,"5,9"
746028613,"10,11"
742818837,12
745117075,"3,9"
746213480,"11,9"
745082460,5
744780962,13
741807812,"5,7,9,8"
744388578,10
741620225,3
745074927,13
743409385,7
745311611,"5,3,9"
741885191,9
745635488,10
746172295,"13,8,9"
741813461,9
744546478,9
741624649,13
745556426,9
741824565,10
744900101,3
741628763,12
741824754,"9,3"
745142895,10
741734576,"3,11"
741537924,"7,13"
742960429,10
745986821,10
744512753,3
741562636,3
742120521,2
743361845,5
743126347,"9,5"
743622358,11
745468624,"2,3"
741463983,5
742994910,11
741529014,13
744675352,"5,7"
745010535,11
741714905,5
742388838,11
746147165,"5,11"
745364309,9
741396617,9
742340812,"9,8"
744751792,"7,8,5"
745570419,"8,5,9"
746237110,5
744340750,"12,9,7"
742687966,"8,5"
745526876,"8,9"
744135210,10
742651980,3
743915995,"7,3"
745782516,3
745231704,"5,11"
743826279,5
745475745,13
743304706,5
745738474,5
743099069,3
743204210,11
742717617,5
743703830,5
744900224,"3,5"
741867560,9
742257900,"13,3"
742762697,3
741628044,"8,9"
745940189,9
742074319,5
744532518,8
743458815,13
741852719,9
745485879,5
745868195,5
745049854,3
742074508,5
744244317,"5,9"
742271037,12
745206904,12
741888015,9
742880820,10
743100234,11
745165142,5
744543210,7
744253088,7
743451568,5
745078136,5
744263533,10
745991826,3
746004263,5
743677618,3
746076123,"8,9,5"
744367411,8
745578723,10
742772823,3
744390997,7
745089161,5
744186532,"5,3"
743703849,"5,8"
741895266,10
745216037,"5,7,11"
744922620,"3,5"
743778137,"5,10,7"
744180865,"13,3"
742518967,"10,2"
745889295,5
743496549,5
745513242,13
741833657,10
743706143,5
742081420,12
741329514,"11,9"
742265427,10
745002525,3
742251261,3
743099139,"13,5,11"
745970824,10
741756288,8
741877690,7
741814605,5
744734808,7
745182109,13
745067524,3
741759946,"9,3"
743704345,5
744996563,"5,3"
742465596,2
744403072,"12,1,5,11,10"
743233671,5
742800701,"5,3"
741607638,7
743056554,1
745471936,10
742961343,"5,9,8"
743437732,8
741773254,9
745136274,11
745589280,"3,5,9"
743659193,7
744600980,"11,2"
742073196,3
741973838,10
742337348,"5,3"
741709771,"5,7"
743047383,"12,7"
743402562,9
741599078,13
745338792,"9,8"
745807420,"3,5"
742879700,0
744585538,11
745067919,13
744899500,"3,5"
744436646,2
744158097,"2,3"
745924306,13
746026997,"5,11"
743758381,10
745593119,"8,5"
742827153,10
743216986,3
741847860,9
742463305,"5,3"
745090104,"5,9"
743495955,5
741780142,13
744913159,5
743124564,"10,5,3"
743919386,"8,3,5,9"
744418062,3
742816700,10
743647129,"8,9"
743437925,10
745879448,"3,10"
745914738,12
744313688,"8,5"
743754546,1
744247514,"8,9,5"
741464320,"2,9"
744694039,3
745085544,5
744098630,10
744079655,5
745525065,"5,3"
743472429,"2,3"
745113808,7
745776350,3
744016258,"5,2"
744522000,"11,5"
744378723,5
745993601,"3,12"
741285037,3
743134309,"8,9,5"
746302035,2
743902835,8
742987394,3
744386320,2
743322486,7
745091590,5
742089969,7
742879057,10
742253106,12
745946017,3
743211996,0
744191122,"11,2,7"
742712630,9
744093495,13
745357091,12
745087863,7
742743268,"11,9"
742558102,0
743620241,"3,8,9,5"
744000971,"8,9,5"
741855750,7
742651877,3
743879965,7
745079250,5
743815466,3
745091296,5
743276077,9
743317232,"11,3"
741695787,1
745854339,"5,3"
745536421,5
742227326,"5,11"
742224389,3
744249663,7
742630175,7
744132886,9
745899222,7
744179799,"1,8,5"
741953496,7
741524077,9
745866419,5
746034571,"5,3,8"
741559132,9
746075360,11
742621881,3
741864754,"5,11"
744115510,"11,9"
743368096,"3,11,10,5"
741523546,10
742305007,13
742782753,5
741650846,3
743914280,"3,7"
745893810,3
745210690,5
744722367,5
743266533,10
744884499,5
744764518,3
742329985,"10,11"
745069431,3
742940593,8
741660530,10
744551244,"2,8,5"
742614957,"8,9,5"
744040782,"5,11"
744491066,12
743154621,12
742847036,"7,3"
743816443,8
745682649,11
742529246,"11,5"
744869965,9
742309798,7
745086017,5
745933428,10
745869641,5
741786231,3
742453785,12
741690795,10
744484115,13
744284754,"3,13"
741763111,9
744462360,"3,5,10"
745573357,5
743833688,12
741362329,3
745241868,"11,3"
741487876,12
742831721,11
742402555,"13,9"
744877205,"3,12"
745210447,5
745291713,3
744769900,10
745082357,5
742770498,"9,2"
742983309,"5,7"
742847867,"8,9"
744380035,"1,11"
745313917,3
744435785,7
744034946,7
742720447,4
745087527,5
744334990,13
742345614,"5,3,8"
745957216,5
744962700,"7,3,13"
742296639,10
742651902,"5,3"
744306931,7
741825895,10
743774830,7
742532900,9
742157099,3
744801701,11
742986002,"8,5"
745138542,"8,5,9,3"
743872698,"5,8,9"
745571304,9
745277364,3
743400281,5
742968547,"2,3,10"
744413387,"13,5,3"
743235334,5
741388238,12
744527197,10
745002039,3
742856010,"11,5"
746163347,3
745557765,6
741671962,13
745581411,5
743180135,"13,5"
743067811,12
741770552,13
743025796,"5,8,9"
742081212,12
746204288,3
745143141,"9,8"
743844431,"2,7,1"
745089515,5
745513525,3
742933915,"5,3"
744139675,5
742815011,"8,9"
746186796,7
744730614,"3,5"
742945652,"2,3"
742965384,5
745923057,11
742936479,"2,5,11"
744113598,2
746129453,10
744360979,"8,9"
742450177,3
744102214,"9,8,5"
745377117,5
743266651,10
743907100,7
744976517,3
744434414,1
741867304,9
742878645,10
743903620,11
745913538,12
745344567,10
742854153,11
745603013,"9,11"
744087423,"5,11"
742018336,5
744184315,"5,8,9"
742655697,11
743502614,"3,12"
742116976,"9,8,3"
746014069,3
746049058,5
741517522,11
743369638,10
745089202,5
743126852,3
745479722,10
746210213,3
743326176,"5,7,9"
743703929,3
745725371,13
743445366,12
742690953,13
741875699,8
741923065,8
745075940,5
743450090,5
745967460,5
745912174,2
741814172,"5,8,9"
743835156,8
742457367,3
746236118,"3,5"
745901456,11
743048104,12
742080655,"5,7"
743181991,"5,1"
744234094,6
742352869,"7,13"
744970871,7
741847746,"5,1"
745093918,5
742722507,"10,7"
741560442,7
741814251,5
746228933,"2,8,9"
741662250,12
744580116,"11,5"
743237970,"8,9,5"
742578010,"9,5,8"
746113353,"5,7"
743211203,"5,9,3"
745189221,3
744517285,12
742502782,10
744279269,"5,2"
744085915,"5,9,3"
742914610,"5,11"
743059193,"3,7"
742814527,"8,9"
742185222,5
744730876,5
743047426,3
744076160,10
741535486,3
743368540,5
741693286,10
743611681,"1,9"
741848901,9
745093212,5
746070118,11
741817362,9
745098295,"8,9,5"
742195862,7
743481760,"5,2,3"
746087849,3
743211177,"3,7"
743237565,5
744898471,5
741783128,"7,8,2,5,9"
745884224,"7,5"
742958142,"12,3"
741677254,9
746115949,11
741588360,11
745411506,9
744111933,11
741459366,"12,5"
745081109,5
741503140,5
742677411,"8,9,5"
745088132,3
744290481,1
742253470,"5,7"
743332967,"9,3,5"
741316308,5
745093189,5
746228757,3
744274230,7
743333160,10
746239197,3
742519832,7
742133123,13
744939826,13
741493275,9
742621078,3
741595899,5
742805033,7
745094604,5
742447299,"5,2,3"
742726906,12
741756063,10
743061561,13
744721176,3
742832887,"11,5"
742130081,7
743043438,"5,11"
743242067,"9,3"
745699200,8
744670497,13
745071172,5
743530367,3
744967606,"5,8"
741929584,"5,11"
743837284,"8,3"
743969068,5
745868315,5
743694941,"5,3"
742438548,"8,9,5,3"
742149438,"5,3"
745084577,5
746264488,"11,9"
744800508,7
744887735,8
744094566,"9,3,8"
741822394,3
745085004,5
743279435,5
745692842,"3,5"
741784265,"7,5"
741340459,"5,9,3"
745828595,2
741745348,9
744700030,5
746013036,"3,5"
741714190,1
743905474,"11,5"
746215005,12
741819890,10
741372387,7
741555353,12
742253563,10
746230744,10
742173412,"2,5"
741771803,10
743295235,3
744278655,"9,11"
742630891,12
742604023,"5,11"
746007764,2
741864447,9
742943967,10
745538969,7
741814382,5
741825915,10
746193876,7
741628911,1
741551424,"11,5"
742126809,13
744544137,9
742093315,2
742702568,11
745240615,7
744982614,2
741882742,9
744495295,"8,9,5"
741353698,"3,5,8,9"
743224113,13
743754938,"3,5"
741616101,"3,9"
745573765,7
744163504,"8,11,3"
745075572,5
741906064,3
744953875,3
744598250,5
743018326,5
743684779,3
742213196,3
743837051,"5,8,3,13"
746150976,3
742826893,"9,5"
742149211,7
741779362,"2,5"
746032975,3
744419812,12
741880845,9
742846323,7
741624244,9
741739695,9
743940814,"10,5,2"
743970791,11
746228559,"1,5"
744216209,10
742804852,"8,9,5"
741878309,10
742403497,5
743951798,"2,1"
741829013,9
742009459,"3,5"
742164098,7
744183287,"8,9,5"
746305895,"9,11,3"
742119461,3
742092586,3
745078889,5
743279546,5
744240826,10
745421391,"5,13"
746057283,11
745914080,12
744501640,10
745185599,9
741366622,7
744204805,"11,7"
743035529,5
746253137,1
744924464,"11,5"
742929014,11
744707182,"5,11"
742022642,12
744637518,12
746163187,9
744731552,8
745770004,"7,5"
745525911,"11,5"
742824418,2
743138920,3
741809520,"3,5"
742196208,10
745135305,7
743103101,11
743465469,7
745868674,"1,3"
745239002,"2,5"
742620314,"5,2,10,11"
742392408,10
745082582,5
743775353,7
741861653,9
744323862,7
744494057,3
746306158,1
741804993,3
746163592,7
745916712,"2,9,8"
745667313,9
741509758,9
745018458,"8,5"
742940221,5
744904125,4
744395805,5
746189274,3
746273815,3
741937162,5
742012061,3
743894385,7
743489318,13
746069943,5
745676376,"8,3,5"
741903350,"5,11"
746200598,8
743687350,10
743855459,2
746003985,7
743918673,"5,7"
742556063,"5,2"
742239087,9
745599334,7
742814291,3
742924224,"5,1"
744149943,"5,11"
746084802,3
741840222,"5,9,11"
742449506,3
741968120,"8,9,5"
742084013,11
741386023,"9,10"
741918363,"3,5"
741803460,9
741460904,13
744787893,"8,9,5"
745935777,"2,9,5"
745539442,3
742575800,"8,5"
743408869,9
745112987,7
741634570,9
744141271,12
744362644,"5,12"
745144708,10
742017646,8
744157211,"11,2"
745061687,10
742629585,"1,5,9"
742278951,"11,9"
741487001,"1,3"
744525964,"11,5"
745082083,5
745544498,"5,3"
746166068,13
741875000,11
745479476,"5,11"
741772226,"9,10"
741757646,"5,3"
745235608,12
741706174,7
742480543,11
742626995,5
743160837,3
742334809,7
742206950,"13,2,9"
743744918,13
744187132,3
744352928,9
743489497,2
744544677,6
741656649,9
741813000,"3,7"
745086726,5
743155058,7
743524624,3
746115718,"9,5"
743383366,9
741609812,"11,9"
746309866,"9,8,5,1"
745344130,1
745547400,"7,5"
745012809,3
741745625,9
743002489,9
741805836,9
745493047,10
746239029,"5,9"
742518659,"8,9"
744854348,"9,5"
745914304,12
742468947,13
741889962,"3,5"
745803682,"7,13"
746214287,12
746115480,3
743394482,10
742140074,5
745521573,7
741880757,5
744475163,10
745156398,"2,1,8,9"
745380925,10
744415672,12
743679085,"3,9"
741429928,5
743002182,3
743527531,"2,9"
745082969,5
743478541,5
741835311,9
745092058,5
742243540,5
744114586,"2,8,5"
744804305,12
746193143,1
742603590,"2,3"
741905518,3
741914800,"8,1,3"
745115421,3
745276833,"1,8,9"
745160640,3
744660350,2
742251745,10
742736034,7
745789067,"11,9"
741954353,3
741380619,"5,3"
745071869,5
743092454,9
742754389,5
745081345,5
745360825,"5,3"
741595186,"5,8"
742101906,"8,11"
743105106,7
745914166,12
746274144,3
741404864,9
742720808,10
742000668,3
743436057,"10,2"
741971459,"9,8"
744980505,5
744034236,"5,1"
743216694,12
744959141,"5,3"
743524830,5
745868163,5
744409503,12
744281524,"7,5"
745442025,"8,9,5"
741847055,"5,3"
745627230,5
744662449,"3,5"
744740612,5
745077397,5
741649721,11
742102997,2
743235584,5
743505069,7
745718917,"5,8,9"
745046210,7
741814026,2
744701920,10
745069209,11
745047347,8
743841635,9
743407078,3
741312327,"11,5"
742758808,5
744180240,2
742555971,13
742967026,5
745078543,5
744541139,2
743094053,"9,11"
741745873,10
742428482,"9,8"
745330544,11
741375408,3
742333408,"1,3"
745348486,"2,9,3"
746252497,"2,3"
741852862,"9,5"
745837952,12
745626110,"11,5"
743344148,7
746161512,"11,9"
741622566,3
744144387,3
743347117,5
741840484,9
745093644,5
742169185,3
744310338,"3,5"
742411875,"5,1"
745091063,5
743235688,5
744558759,10
745512969,13
744806249,7
745026744,10
741745481,12
743126984,7
742845440,3
746307277,"2,8"
742329127,"11,9"
743649256,8
741774969,9
741537881,7
744030956,10
741498755,9
741704822,9
742769976,3
741656678,"8,9,11"
741755143,10
745732042,"8,5"
746216076,"12,5,9,11"
743064677,11
742958306,7
743893435,1
742096706,7
745708290,"5,3"
741838769,"5,3"
745386124,1
744538063,"8,9,5"
743471214,10
744701524,5
744154000,"11,5"
745202121,11
744583860,"3,5"
743273842,10
743922097,7
743200146,12
741745151,"10,3"
745747722,9
744659438,9
741870885,9
744460903,5
745749587,3
743531495,11
744701672,13
746153544,7
743250010,5
742321423,10
741766567,"8,9"
742873866,1
741828025,8
745523759,5
743050811,"13,3"
745671599,3
744978772,13
742841697,"11,5"
745106314,3
741622906,11
745680541,"5,3"
742495471,10
745728809,"2,9,3"
745217395,3
746156550,5
741370994,9
742747350,3
745868276,5
746321806,"2,10,7"
744698198,"11,5"
741928234,9
743741126,5
741801790,9
743243001,12
